Datetime,DAYTON_MW,Predictions
2004-10-01 01:00:00,1621.0,1621.0000000000002
2004-10-01 02:00:00,1536.0,1535.9999999999998
2004-10-01 03:00:00,1500.0,1500.0
2004-10-01 04:00:00,1434.0,1434.0
2004-10-01 05:00:00,1489.0,1489.0
2004-10-01 06:00:00,1620.0,1620.0
2004-10-01 07:00:00,1859.0,1858.9999999999998
2004-10-01 08:00:00,2007.0,2006.9999999999998
2004-10-01 09:00:00,2025.0,2025.0
2004-10-01 10:00:00,2067.0,2067.0
2004-10-01 11:00:00,2117.0,2117.0
2004-10-01 12:00:00,2136.0,2136.0
2004-10-01 13:00:00,2149.0,2149.0
2004-10-01 14:00:00,2165.0,2165.0
2004-10-01 15:00:00,2163.0,2163.0
2004-10-01 16:00:00,2149.0,2149.0
2004-10-01 17:00:00,2130.0,2130.0
2004-10-01 18:00:00,2072.0,2072.0
2004-10-01 19:00:00,2020.0,2020.0
2004-10-01 20:00:00,2054.0,2054.0
2004-10-01 21:00:00,2075.0,2075.0
2004-10-01 22:00:00,1998.0,1998.0
2004-10-01 23:00:00,1869.0,1868.9999999999998
2004-10-02 00:00:00,1700.0,1700.0
2004-10-02 01:00:00,1554.0,1554.0
2004-10-02 02:00:00,1465.0,1465.0
2004-10-02 03:00:00,1417.0,1417.0
2004-10-02 04:00:00,1380.0,1380.0
2004-10-02 05:00:00,1386.0,1386.0
2004-10-02 06:00:00,1420.0,1420.0
2004-10-02 07:00:00,1499.0,1499.0
2004-10-02 08:00:00,1593.0,1593.0
2004-10-02 09:00:00,1686.0,1686.0000000000002
2004-10-02 10:00:00,1781.0,1781.0000000000002
2004-10-02 11:00:00,1839.0,1838.9999999999998
2004-10-02 12:00:00,1825.0,1825.0
2004-10-02 13:00:00,1793.0,1793.0
2004-10-02 14:00:00,1750.0,1750.0
2004-10-02 15:00:00,1724.0,1723.9999999999998
2004-10-02 16:00:00,1726.0,1726.0000000000002
2004-10-02 17:00:00,1708.0,1708.0
2004-10-02 18:00:00,1690.0,1690.0
2004-10-02 19:00:00,1681.0,1681.0000000000002
2004-10-02 20:00:00,1728.0,1728.0
2004-10-02 21:00:00,1766.0,1766.0000000000002
2004-10-02 22:00:00,1697.0,1697.0
2004-10-02 23:00:00,1590.0,1590.0
2004-10-03 00:00:00,1477.0,1477.0
2004-10-03 01:00:00,1389.0,1389.0
2004-10-03 02:00:00,1312.0,1312.0
2004-10-03 03:00:00,1284.0,1284.0
2004-10-03 04:00:00,1267.0,1267.0
2004-10-03 05:00:00,1263.0,1263.0
2004-10-03 06:00:00,1287.0,1287.0
2004-10-03 07:00:00,1326.0,1326.0
2004-10-03 08:00:00,1388.0,1388.0
2004-10-03 09:00:00,1482.0,1482.0
2004-10-03 10:00:00,1563.0,1563.0
2004-10-03 11:00:00,1599.0,1598.9999999999998
2004-10-03 12:00:00,1625.0,1625.0
2004-10-03 13:00:00,1632.0,1632.0
2004-10-03 14:00:00,1617.0,1617.0
2004-10-03 15:00:00,1593.0,1593.0
2004-10-03 16:00:00,1600.0,1600.0
2004-10-03 17:00:00,1609.0,1608.9999999999998
2004-10-03 18:00:00,1628.0,1628.0
2004-10-03 19:00:00,1653.0,1653.0
2004-10-03 20:00:00,1772.0,1772.0
2004-10-03 21:00:00,1865.0,1865.0
2004-10-03 22:00:00,1783.0,1783.0
2004-10-03 23:00:00,1675.0,1675.0
2004-10-04 00:00:00,1566.0,1566.0000000000002
2004-10-04 01:00:00,1493.0,1493.0
2004-10-04 02:00:00,1443.0,1443.0
2004-10-04 03:00:00,1431.0,1431.0
2004-10-04 04:00:00,1423.0,1423.0
2004-10-04 05:00:00,1472.0,1472.0
2004-10-04 06:00:00,1619.0,1618.9999999999998
2004-10-04 07:00:00,1895.0,1895.0
2004-10-04 08:00:00,2065.0,2065.0
2004-10-04 09:00:00,2089.0,2089.0
2004-10-04 10:00:00,2113.0,2113.0
2004-10-04 11:00:00,2165.0,2165.0
2004-10-04 12:00:00,2157.0,2157.0
2004-10-04 13:00:00,2162.0,2162.0
2004-10-04 14:00:00,2179.0,2179.0
2004-10-04 15:00:00,2152.0,2152.0
2004-10-04 16:00:00,2127.0,2127.0
2004-10-04 17:00:00,2104.0,2104.0
2004-10-04 18:00:00,2093.0,2093.0
2004-10-04 19:00:00,2076.0,2076.0
2004-10-04 20:00:00,2169.0,2169.0
2004-10-04 21:00:00,2220.0,2220.0
2004-10-04 22:00:00,2087.0,2087.0
2004-10-04 23:00:00,1937.0,1937.0
2004-10-05 00:00:00,1766.0,1766.0000000000002
2004-10-05 01:00:00,1658.0,1658.0
2004-10-05 02:00:00,1588.0,1588.0
2004-10-05 03:00:00,1543.0,1543.0
2004-10-05 04:00:00,1539.0,1539.0
2004-10-05 05:00:00,1577.0,1577.0
2004-10-05 06:00:00,1710.0,1710.0
2004-10-05 07:00:00,1980.0,1980.0
2004-10-05 08:00:00,2142.0,2142.0
2004-10-05 09:00:00,2144.0,2144.0
2004-10-05 10:00:00,2148.0,2148.0
2004-10-05 11:00:00,2156.0,2156.0
2004-10-05 12:00:00,2151.0,2151.0
2004-10-05 13:00:00,2144.0,2144.0
2004-10-05 14:00:00,2151.0,2151.0
2004-10-05 15:00:00,2138.0,2138.0
2004-10-05 16:00:00,2107.0,2107.0
2004-10-05 17:00:00,2101.0,2101.0
2004-10-05 18:00:00,2080.0,2080.0
2004-10-05 19:00:00,2065.0,2065.0
2004-10-05 20:00:00,2147.0,2147.0
2004-10-05 21:00:00,2205.0,2205.0
2004-10-05 22:00:00,2097.0,2097.0
2004-10-05 23:00:00,1946.0,1946.0
2004-10-06 00:00:00,1795.0,1795.0
2004-10-06 01:00:00,1678.0,1678.0
2004-10-06 02:00:00,1596.0,1596.0000000000002
2004-10-06 03:00:00,1569.0,1569.0
2004-10-06 04:00:00,1564.0,1564.0
2004-10-06 05:00:00,1601.0,1601.0000000000002
2004-10-06 06:00:00,1736.0,1736.0000000000002
2004-10-06 07:00:00,2008.0,2008.0
2004-10-06 08:00:00,2168.0,2168.0
2004-10-06 09:00:00,2149.0,2149.0
2004-10-06 10:00:00,2141.0,2141.0
2004-10-06 11:00:00,2160.0,2160.0
2004-10-06 12:00:00,2142.0,2142.0
2004-10-06 13:00:00,2158.0,2158.0
2004-10-06 14:00:00,2160.0,2160.0
2004-10-06 15:00:00,2145.0,2145.0
2004-10-06 16:00:00,2132.0,2132.0
2004-10-06 17:00:00,2122.0,2122.0
2004-10-06 18:00:00,2106.0,2106.0
2004-10-06 19:00:00,2088.0,2088.0
2004-10-06 20:00:00,2162.0,2162.0
2004-10-06 21:00:00,2190.0,2190.0
2004-10-06 22:00:00,2092.0,2092.0
2004-10-06 23:00:00,1917.0,1917.0
2004-10-07 00:00:00,1767.0,1767.0
2004-10-07 01:00:00,1650.0,1650.0
2004-10-07 02:00:00,1584.0,1584.0
2004-10-07 03:00:00,1549.0,1549.0
2004-10-07 04:00:00,1534.0,1534.0
2004-10-07 05:00:00,1575.0,1575.0
2004-10-07 06:00:00,1703.0,1703.0
2004-10-07 07:00:00,1971.0,1971.0
2004-10-07 08:00:00,2134.0,2134.0
2004-10-07 09:00:00,2116.0,2116.0
2004-10-07 10:00:00,2126.0,2126.0
2004-10-07 11:00:00,2152.0,2152.0
2004-10-07 12:00:00,2159.0,2159.0
2004-10-07 13:00:00,2164.0,2164.0
2004-10-07 14:00:00,2164.0,2164.0
2004-10-07 15:00:00,2164.0,2164.0
2004-10-07 16:00:00,2138.0,2138.0
2004-10-07 17:00:00,2124.0,2124.0
2004-10-07 18:00:00,2113.0,2113.0
2004-10-07 19:00:00,2088.0,2088.0
2004-10-07 20:00:00,2187.0,2187.0
2004-10-07 21:00:00,2210.0,2210.0
2004-10-07 22:00:00,2110.0,2110.0
2004-10-07 23:00:00,1932.0,1932.0
2004-10-08 00:00:00,1774.0,1773.9999999999998
2004-10-08 01:00:00,1661.0,1661.0000000000002
2004-10-08 02:00:00,1585.0,1585.0
2004-10-08 03:00:00,1537.0,1537.0
2004-10-08 04:00:00,1529.0,1529.0
2004-10-08 05:00:00,1553.0,1553.0
2004-10-08 06:00:00,1669.0,1668.9999999999998
2004-10-08 07:00:00,1919.0,1919.0000000000002
2004-10-08 08:00:00,2085.0,2085.0
2004-10-08 09:00:00,2085.0,2085.0
2004-10-08 10:00:00,2112.0,2112.0
2004-10-08 11:00:00,2167.0,2167.0
2004-10-08 12:00:00,2183.0,2183.0
2004-10-08 13:00:00,2204.0,2204.0
2004-10-08 14:00:00,2212.0,2212.0
2004-10-08 15:00:00,2214.0,2214.0
2004-10-08 16:00:00,2182.0,2182.0
2004-10-08 17:00:00,2151.0,2151.0
2004-10-08 18:00:00,2098.0,2098.0
2004-10-08 19:00:00,2064.0,2064.0
2004-10-08 20:00:00,2119.0,2119.0
2004-10-08 21:00:00,2102.0,2102.0
2004-10-08 22:00:00,2021.0,2021.0
2004-10-08 23:00:00,1877.0,1877.0
2004-10-09 00:00:00,1736.0,1736.0000000000002
2004-10-09 01:00:00,1579.0,1579.0
2004-10-09 02:00:00,1475.0,1475.0
2004-10-09 03:00:00,1431.0,1431.0
2004-10-09 04:00:00,1393.0,1393.0
2004-10-09 05:00:00,1388.0,1388.0
2004-10-09 06:00:00,1422.0,1422.0
2004-10-09 07:00:00,1515.0,1515.0
2004-10-09 08:00:00,1623.0,1623.0
2004-10-09 09:00:00,1706.0,1706.0000000000002
2004-10-09 10:00:00,1793.0,1793.0
2004-10-09 11:00:00,1836.0,1836.0
2004-10-09 12:00:00,1849.0,1848.9999999999998
2004-10-09 13:00:00,1838.0,1838.0
2004-10-09 14:00:00,1819.0,1818.9999999999998
2004-10-09 15:00:00,1809.0,1808.9999999999998
2004-10-09 16:00:00,1785.0,1785.0
2004-10-09 17:00:00,1780.0,1780.0
2004-10-09 18:00:00,1751.0,1751.0000000000002
2004-10-09 19:00:00,1763.0,1763.0
2004-10-09 20:00:00,1825.0,1825.0
2004-10-09 21:00:00,1830.0,1830.0
2004-10-09 22:00:00,1757.0,1757.0
2004-10-09 23:00:00,1647.0,1647.0
2004-10-10 00:00:00,1525.0,1525.0
2004-10-10 01:00:00,1403.0,1403.0
2004-10-10 02:00:00,1340.0,1340.0
2004-10-10 03:00:00,1297.0,1297.0
2004-10-10 04:00:00,1272.0,1272.0
2004-10-10 05:00:00,1271.0,1271.0
2004-10-10 06:00:00,1287.0,1287.0
2004-10-10 07:00:00,1338.0,1338.0
2004-10-10 08:00:00,1408.0,1408.0
2004-10-10 09:00:00,1499.0,1499.0
2004-10-10 10:00:00,1579.0,1579.0
2004-10-10 11:00:00,1620.0,1620.0
2004-10-10 12:00:00,1644.0,1643.9999999999998
2004-10-10 13:00:00,1662.0,1662.0
2004-10-10 14:00:00,1645.0,1645.0
2004-10-10 15:00:00,1636.0,1636.0000000000002
2004-10-10 16:00:00,1637.0,1637.0
2004-10-10 17:00:00,1650.0,1650.0
2004-10-10 18:00:00,1677.0,1677.0
2004-10-10 19:00:00,1696.0,1696.0000000000002
2004-10-10 20:00:00,1809.0,1808.9999999999998
2004-10-10 21:00:00,1856.0,1856.0
2004-10-10 22:00:00,1798.0,1798.0
2004-10-10 23:00:00,1696.0,1696.0000000000002
2004-10-11 00:00:00,1586.0,1586.0000000000002
2004-10-11 01:00:00,1509.0,1509.0
2004-10-11 02:00:00,1463.0,1463.0
2004-10-11 03:00:00,1454.0,1454.0
2004-10-11 04:00:00,1454.0,1454.0
2004-10-11 05:00:00,1497.0,1497.0
2004-10-11 06:00:00,1619.0,1618.9999999999998
2004-10-11 07:00:00,1886.0,1886.0
2004-10-11 08:00:00,2068.0,2068.0
2004-10-11 09:00:00,2094.0,2094.0
2004-10-11 10:00:00,2142.0,2142.0
2004-10-11 11:00:00,2179.0,2179.0
2004-10-11 12:00:00,2152.0,2152.0
2004-10-11 13:00:00,2151.0,2151.0
2004-10-11 14:00:00,2140.0,2140.0
2004-10-11 15:00:00,2125.0,2125.0
2004-10-11 16:00:00,2089.0,2089.0
2004-10-11 17:00:00,2078.0,2078.0
2004-10-11 18:00:00,2072.0,2072.0
2004-10-11 19:00:00,2066.0,2066.0
2004-10-11 20:00:00,2179.0,2179.0
2004-10-11 21:00:00,2188.0,2188.0
2004-10-11 22:00:00,2083.0,2083.0
2004-10-11 23:00:00,1922.0,1922.0
2004-10-12 00:00:00,1755.0,1755.0
2004-10-12 01:00:00,1658.0,1658.0
2004-10-12 02:00:00,1592.0,1592.0
2004-10-12 03:00:00,1554.0,1554.0
2004-10-12 04:00:00,1542.0,1542.0
2004-10-12 05:00:00,1576.0,1576.0000000000002
2004-10-12 06:00:00,1704.0,1703.9999999999998
2004-10-12 07:00:00,1984.0,1984.0000000000002
2004-10-12 08:00:00,2135.0,2135.0
2004-10-12 09:00:00,2135.0,2135.0
2004-10-12 10:00:00,2139.0,2139.0
2004-10-12 11:00:00,2156.0,2156.0
2004-10-12 12:00:00,2150.0,2150.0
2004-10-12 13:00:00,2157.0,2157.0
2004-10-12 14:00:00,2147.0,2147.0
2004-10-12 15:00:00,2133.0,2133.0
2004-10-12 16:00:00,2105.0,2105.0
2004-10-12 17:00:00,2106.0,2106.0
2004-10-12 18:00:00,2087.0,2087.0
2004-10-12 19:00:00,2103.0,2103.0
2004-10-12 20:00:00,2213.0,2213.0
2004-10-12 21:00:00,2206.0,2206.0
2004-10-12 22:00:00,2097.0,2097.0
2004-10-12 23:00:00,1919.0,1919.0000000000002
2004-10-13 00:00:00,1757.0,1757.0
2004-10-13 01:00:00,1662.0,1662.0
2004-10-13 02:00:00,1583.0,1583.0
2004-10-13 03:00:00,1540.0,1540.0
2004-10-13 04:00:00,1523.0,1523.0
2004-10-13 05:00:00,1560.0,1560.0
2004-10-13 06:00:00,1734.0,1733.9999999999998
2004-10-13 07:00:00,1935.0,1935.0
2004-10-13 08:00:00,2115.0,2115.0
2004-10-13 09:00:00,2130.0,2130.0
2004-10-13 10:00:00,2144.0,2144.0
2004-10-13 11:00:00,2164.0,2164.0
2004-10-13 12:00:00,2152.0,2152.0
2004-10-13 13:00:00,2152.0,2152.0
2004-10-13 14:00:00,2151.0,2151.0
2004-10-13 15:00:00,2126.0,2126.0
2004-10-13 16:00:00,2098.0,2098.0
2004-10-13 17:00:00,2097.0,2097.0
2004-10-13 18:00:00,2108.0,2108.0
2004-10-13 19:00:00,2133.0,2133.0
2004-10-13 20:00:00,2210.0,2210.0
2004-10-13 21:00:00,2192.0,2192.0
2004-10-13 22:00:00,2090.0,2090.0
2004-10-13 23:00:00,1937.0,1937.0
2004-10-14 00:00:00,1789.0,1788.9999999999998
2004-10-14 01:00:00,1667.0,1667.0
2004-10-14 02:00:00,1588.0,1588.0
2004-10-14 03:00:00,1550.0,1550.0
2004-10-14 04:00:00,1535.0,1535.0
2004-10-14 05:00:00,1561.0,1561.0000000000002
2004-10-14 06:00:00,1691.0,1691.0000000000002
2004-10-14 07:00:00,1945.0,1945.0
2004-10-14 08:00:00,2127.0,2127.0
2004-10-14 09:00:00,2125.0,2125.0
2004-10-14 10:00:00,2138.0,2138.0
2004-10-14 11:00:00,2166.0,2166.0
2004-10-14 12:00:00,2151.0,2151.0
2004-10-14 13:00:00,2146.0,2146.0
2004-10-14 14:00:00,2156.0,2156.0
2004-10-14 15:00:00,2137.0,2137.0
2004-10-14 16:00:00,2104.0,2104.0
2004-10-14 17:00:00,2094.0,2094.0
2004-10-14 18:00:00,2093.0,2093.0
2004-10-14 19:00:00,2106.0,2106.0
2004-10-14 20:00:00,2188.0,2188.0
2004-10-14 21:00:00,2178.0,2178.0
2004-10-14 22:00:00,2078.0,2078.0
2004-10-14 23:00:00,1944.0,1944.0000000000002
2004-10-15 00:00:00,1790.0,1790.0
2004-10-15 01:00:00,1669.0,1668.9999999999998
2004-10-15 02:00:00,1597.0,1597.0
2004-10-15 03:00:00,1557.0,1557.0
2004-10-15 04:00:00,1534.0,1534.0
2004-10-15 05:00:00,1558.0,1558.0
2004-10-15 06:00:00,1720.0,1720.0
2004-10-15 07:00:00,1888.0,1888.0
2004-10-15 08:00:00,2052.0,2052.0
2004-10-15 09:00:00,2083.0,2083.0
2004-10-15 10:00:00,2131.0,2131.0
2004-10-15 11:00:00,2168.0,2168.0
2004-10-15 12:00:00,2170.0,2170.0
2004-10-15 13:00:00,2149.0,2149.0
2004-10-15 14:00:00,2148.0,2148.0
2004-10-15 15:00:00,2130.0,2130.0
2004-10-15 16:00:00,2089.0,2089.0
2004-10-15 17:00:00,2086.0,2086.0
2004-10-15 18:00:00,2063.0,2063.0
2004-10-15 19:00:00,2063.0,2063.0
2004-10-15 20:00:00,2108.0,2108.0
2004-10-15 21:00:00,2064.0,2064.0
2004-10-15 22:00:00,1996.0,1996.0
2004-10-15 23:00:00,1869.0,1868.9999999999998
2004-10-16 00:00:00,1728.0,1728.0
2004-10-16 01:00:00,1602.0,1602.0
2004-10-16 02:00:00,1518.0,1518.0
2004-10-16 03:00:00,1475.0,1475.0
2004-10-16 04:00:00,1456.0,1456.0
2004-10-16 05:00:00,1456.0,1456.0
2004-10-16 06:00:00,1491.0,1491.0
2004-10-16 07:00:00,1580.0,1580.0
2004-10-16 08:00:00,1698.0,1698.0
2004-10-16 09:00:00,1780.0,1780.0
2004-10-16 10:00:00,1855.0,1855.0
2004-10-16 11:00:00,1890.0,1890.0
2004-10-16 12:00:00,1892.0,1892.0
2004-10-16 13:00:00,1871.0,1871.0
2004-10-16 14:00:00,1851.0,1851.0
2004-10-16 15:00:00,1824.0,1823.9999999999998
2004-10-16 16:00:00,1817.0,1817.0
2004-10-16 17:00:00,1834.0,1833.9999999999998
2004-10-16 18:00:00,1831.0,1831.0
2004-10-16 19:00:00,1850.0,1850.0
2004-10-16 20:00:00,1911.0,1911.0
2004-10-16 21:00:00,1890.0,1890.0
2004-10-16 22:00:00,1818.0,1818.0
2004-10-16 23:00:00,1723.0,1723.0
2004-10-17 00:00:00,1620.0,1620.0
2004-10-17 01:00:00,1535.0,1535.0
2004-10-17 02:00:00,1478.0,1478.0
2004-10-17 03:00:00,1447.0,1447.0
2004-10-17 04:00:00,1444.0,1444.0
2004-10-17 05:00:00,1444.0,1444.0
2004-10-17 06:00:00,1467.0,1467.0
2004-10-17 07:00:00,1517.0,1517.0
2004-10-17 08:00:00,1607.0,1607.0
2004-10-17 09:00:00,1669.0,1668.9999999999998
2004-10-17 10:00:00,1731.0,1731.0000000000002
2004-10-17 11:00:00,1739.0,1738.9999999999998
2004-10-17 12:00:00,1732.0,1732.0
2004-10-17 13:00:00,1725.0,1725.0
2004-10-17 14:00:00,1687.0,1687.0
2004-10-17 15:00:00,1654.0,1653.9999999999998
2004-10-17 16:00:00,1631.0,1631.0000000000002
2004-10-17 17:00:00,1635.0,1635.0
2004-10-17 18:00:00,1654.0,1653.9999999999998
2004-10-17 19:00:00,1704.0,1703.9999999999998
2004-10-17 20:00:00,1884.0,1884.0000000000002
2004-10-17 21:00:00,1911.0,1911.0
2004-10-17 22:00:00,1862.0,1862.0
2004-10-17 23:00:00,1774.0,1773.9999999999998
2004-10-18 00:00:00,1679.0,1678.9999999999998
2004-10-18 01:00:00,1608.0,1608.0
2004-10-18 02:00:00,1572.0,1572.0
2004-10-18 03:00:00,1563.0,1563.0
2004-10-18 04:00:00,1571.0,1571.0000000000002
2004-10-18 05:00:00,1617.0,1617.0
2004-10-18 06:00:00,1766.0,1766.0000000000002
2004-10-18 07:00:00,2046.0,2046.0
2004-10-18 08:00:00,2230.0,2230.0
2004-10-18 09:00:00,2249.0,2249.0
2004-10-18 10:00:00,2267.0,2267.0
2004-10-18 11:00:00,2332.0,2332.0
2004-10-18 12:00:00,2346.0,2346.0
2004-10-18 13:00:00,2336.0,2336.0
2004-10-18 14:00:00,2320.0,2320.0
2004-10-18 15:00:00,2301.0,2301.0
2004-10-18 16:00:00,2267.0,2267.0
2004-10-18 17:00:00,2280.0,2280.0
2004-10-18 18:00:00,2295.0,2295.0
2004-10-18 19:00:00,2306.0,2306.0
2004-10-18 20:00:00,2348.0,2348.0
2004-10-18 21:00:00,2290.0,2290.0
2004-10-18 22:00:00,2183.0,2183.0
2004-10-18 23:00:00,2017.0,2016.9999999999998
2004-10-19 00:00:00,1857.0,1857.0
2004-10-19 01:00:00,1738.0,1738.0
2004-10-19 02:00:00,1654.0,1653.9999999999998
2004-10-19 03:00:00,1621.0,1621.0000000000002
2004-10-19 04:00:00,1598.0,1598.0
2004-10-19 05:00:00,1637.0,1637.0
2004-10-19 06:00:00,1759.0,1758.9999999999998
2004-10-19 07:00:00,2016.0,2016.0
2004-10-19 08:00:00,2184.0,2184.0
2004-10-19 09:00:00,2190.0,2190.0
2004-10-19 10:00:00,2178.0,2178.0
2004-10-19 11:00:00,2207.0,2207.0
2004-10-19 12:00:00,2194.0,2194.0
2004-10-19 13:00:00,2185.0,2185.0
2004-10-19 14:00:00,2178.0,2178.0
2004-10-19 15:00:00,2155.0,2155.0
2004-10-19 16:00:00,2134.0,2134.0
2004-10-19 17:00:00,2137.0,2137.0
2004-10-19 18:00:00,2139.0,2139.0
2004-10-19 19:00:00,2181.0,2181.0
2004-10-19 20:00:00,2244.0,2244.0
2004-10-19 21:00:00,2210.0,2210.0
2004-10-19 22:00:00,2101.0,2101.0
2004-10-19 23:00:00,1954.0,1954.0000000000002
2004-10-20 00:00:00,1785.0,1785.0
2004-10-20 01:00:00,1677.0,1677.0
2004-10-20 02:00:00,1608.0,1608.0
2004-10-20 03:00:00,1562.0,1562.0
2004-10-20 04:00:00,1545.0,1545.0
2004-10-20 05:00:00,1598.0,1598.0
2004-10-20 06:00:00,1700.0,1700.0
2004-10-20 07:00:00,1961.0,1961.0
2004-10-20 08:00:00,2151.0,2151.0
2004-10-20 09:00:00,2151.0,2151.0
2004-10-20 10:00:00,2150.0,2150.0
2004-10-20 11:00:00,2179.0,2179.0
2004-10-20 12:00:00,2175.0,2175.0
2004-10-20 13:00:00,2172.0,2172.0
2004-10-20 14:00:00,2156.0,2156.0
2004-10-20 15:00:00,2145.0,2145.0
2004-10-20 16:00:00,2115.0,2115.0
2004-10-20 17:00:00,2111.0,2111.0
2004-10-20 18:00:00,2125.0,2125.0
2004-10-20 19:00:00,2150.0,2150.0
2004-10-20 20:00:00,2223.0,2223.0
2004-10-20 21:00:00,2192.0,2192.0
2004-10-20 22:00:00,2092.0,2092.0
2004-10-20 23:00:00,1934.0,1934.0000000000002
2004-10-21 00:00:00,1787.0,1787.0
2004-10-21 01:00:00,1668.0,1668.0
2004-10-21 02:00:00,1590.0,1590.0
2004-10-21 03:00:00,1550.0,1550.0
2004-10-21 04:00:00,1540.0,1540.0
2004-10-21 05:00:00,1563.0,1563.0
2004-10-21 06:00:00,1689.0,1688.9999999999998
2004-10-21 07:00:00,1958.0,1958.0
2004-10-21 08:00:00,2148.0,2148.0
2004-10-21 09:00:00,2140.0,2140.0
2004-10-21 10:00:00,2138.0,2138.0
2004-10-21 11:00:00,2143.0,2143.0
2004-10-21 12:00:00,2141.0,2141.0
2004-10-21 13:00:00,2132.0,2132.0
2004-10-21 14:00:00,2117.0,2117.0
2004-10-21 15:00:00,2098.0,2098.0
2004-10-21 16:00:00,2071.0,2071.0
2004-10-21 17:00:00,2058.0,2058.0
2004-10-21 18:00:00,2068.0,2068.0
2004-10-21 19:00:00,2108.0,2108.0
2004-10-21 20:00:00,2207.0,2207.0
2004-10-21 21:00:00,2176.0,2176.0
2004-10-21 22:00:00,2095.0,2095.0
2004-10-21 23:00:00,1940.0,1940.0
2004-10-22 00:00:00,1792.0,1792.0
2004-10-22 01:00:00,1677.0,1677.0
2004-10-22 02:00:00,1607.0,1607.0
2004-10-22 03:00:00,1566.0,1566.0000000000002
2004-10-22 04:00:00,1560.0,1560.0
2004-10-22 05:00:00,1603.0,1603.0
2004-10-22 06:00:00,1736.0,1736.0000000000002
2004-10-22 07:00:00,1996.0,1996.0
2004-10-22 08:00:00,2177.0,2177.0
2004-10-22 09:00:00,2177.0,2177.0
2004-10-22 10:00:00,2172.0,2172.0
2004-10-22 11:00:00,2175.0,2175.0
2004-10-22 12:00:00,2153.0,2153.0
2004-10-22 13:00:00,2132.0,2132.0
2004-10-22 14:00:00,2127.0,2127.0
2004-10-22 15:00:00,2079.0,2079.0
2004-10-22 16:00:00,2046.0,2046.0
2004-10-22 17:00:00,2004.0,2004.0000000000002
2004-10-22 18:00:00,1979.0,1979.0000000000002
2004-10-22 19:00:00,1989.0,1989.0000000000002
2004-10-22 20:00:00,2055.0,2055.0
2004-10-22 21:00:00,2022.0,2021.9999999999998
2004-10-22 22:00:00,1952.0,1951.9999999999998
2004-10-22 23:00:00,1850.0,1850.0
2004-10-23 00:00:00,1705.0,1705.0
2004-10-23 01:00:00,1573.0,1573.0
2004-10-23 02:00:00,1488.0,1488.0
2004-10-23 03:00:00,1441.0,1441.0
2004-10-23 04:00:00,1433.0,1433.0
2004-10-23 05:00:00,1434.0,1434.0
2004-10-23 06:00:00,1479.0,1479.0
2004-10-23 07:00:00,1581.0,1581.0000000000002
2004-10-23 08:00:00,1678.0,1678.0
2004-10-23 09:00:00,1760.0,1760.0
2004-10-23 10:00:00,1835.0,1835.0
2004-10-23 11:00:00,1889.0,1889.0000000000002
2004-10-23 12:00:00,1895.0,1895.0
2004-10-23 13:00:00,1864.0,1863.9999999999998
2004-10-23 14:00:00,1849.0,1848.9999999999998
2004-10-23 15:00:00,1807.0,1807.0
2004-10-23 16:00:00,1788.0,1788.0
2004-10-23 17:00:00,1788.0,1788.0
2004-10-23 18:00:00,1811.0,1811.0000000000002
2004-10-23 19:00:00,1849.0,1848.9999999999998
2004-10-23 20:00:00,1875.0,1875.0
2004-10-23 21:00:00,1836.0,1836.0
2004-10-23 22:00:00,1766.0,1766.0000000000002
2004-10-23 23:00:00,1668.0,1668.0
2004-10-24 00:00:00,1543.0,1543.0
2004-10-24 01:00:00,1449.0,1449.0
2004-10-24 02:00:00,1380.0,1380.0
2004-10-24 03:00:00,1333.0,1333.0
2004-10-24 04:00:00,1321.0,1321.0
2004-10-24 05:00:00,1315.0,1315.0
2004-10-24 06:00:00,1329.0,1329.0
2004-10-24 07:00:00,1375.0,1375.0
2004-10-24 08:00:00,1447.0,1447.0
2004-10-24 09:00:00,1516.0,1516.0
2004-10-24 10:00:00,1579.0,1579.0
2004-10-24 11:00:00,1617.0,1617.0
2004-10-24 12:00:00,1662.0,1662.0
2004-10-24 13:00:00,1679.0,1678.9999999999998
2004-10-24 14:00:00,1665.0,1665.0
2004-10-24 15:00:00,1637.0,1637.0
2004-10-24 16:00:00,1627.0,1627.0
2004-10-24 17:00:00,1636.0,1636.0000000000002
2004-10-24 18:00:00,1672.0,1672.0
2004-10-24 19:00:00,1716.0,1716.0000000000002
2004-10-24 20:00:00,1868.0,1868.0
2004-10-24 21:00:00,1869.0,1868.9999999999998
2004-10-24 22:00:00,1811.0,1811.0000000000002
2004-10-24 23:00:00,1707.0,1707.0
2004-10-25 00:00:00,1601.0,1601.0000000000002
2004-10-25 01:00:00,1526.0,1525.9999999999998
2004-10-25 02:00:00,1478.0,1478.0
2004-10-25 03:00:00,1457.0,1457.0
2004-10-25 04:00:00,1470.0,1470.0
2004-10-25 05:00:00,1519.0,1519.0
2004-10-25 06:00:00,1675.0,1675.0
2004-10-25 07:00:00,1954.0,1954.0000000000002
2004-10-25 08:00:00,2159.0,2159.0
2004-10-25 09:00:00,2166.0,2166.0
2004-10-25 10:00:00,2169.0,2169.0
2004-10-25 11:00:00,2205.0,2205.0
2004-10-25 12:00:00,2202.0,2202.0
2004-10-25 13:00:00,2212.0,2212.0
2004-10-25 14:00:00,2202.0,2202.0
2004-10-25 15:00:00,2185.0,2185.0
2004-10-25 16:00:00,2153.0,2153.0
2004-10-25 17:00:00,2134.0,2134.0
2004-10-25 18:00:00,2114.0,2114.0
2004-10-25 19:00:00,2133.0,2133.0
2004-10-25 20:00:00,2252.0,2252.0
2004-10-25 21:00:00,2228.0,2228.0
2004-10-25 22:00:00,2114.0,2114.0
2004-10-25 23:00:00,1943.0,1943.0
2004-10-26 00:00:00,1793.0,1793.0
2004-10-26 01:00:00,1666.0,1666.0000000000002
2004-10-26 02:00:00,1586.0,1586.0000000000002
2004-10-26 03:00:00,1551.0,1551.0000000000002
2004-10-26 04:00:00,1543.0,1543.0
2004-10-26 05:00:00,1576.0,1576.0000000000002
2004-10-26 06:00:00,1709.0,1708.9999999999998
2004-10-26 07:00:00,1982.0,1981.9999999999998
2004-10-26 08:00:00,2186.0,2186.0
2004-10-26 09:00:00,2152.0,2152.0
2004-10-26 10:00:00,2153.0,2153.0
2004-10-26 11:00:00,2178.0,2178.0
2004-10-26 12:00:00,2183.0,2183.0
2004-10-26 13:00:00,2188.0,2188.0
2004-10-26 14:00:00,2187.0,2187.0
2004-10-26 15:00:00,2158.0,2158.0
2004-10-26 16:00:00,2123.0,2123.0
2004-10-26 17:00:00,2112.0,2112.0
2004-10-26 18:00:00,2113.0,2113.0
2004-10-26 19:00:00,2173.0,2173.0
2004-10-26 20:00:00,2251.0,2251.0
2004-10-26 21:00:00,2218.0,2218.0
2004-10-26 22:00:00,2117.0,2117.0
2004-10-26 23:00:00,1953.0,1953.0
2004-10-27 00:00:00,1774.0,1773.9999999999998
2004-10-27 01:00:00,1647.0,1647.0
2004-10-27 02:00:00,1558.0,1558.0
2004-10-27 03:00:00,1537.0,1537.0
2004-10-27 04:00:00,1521.0,1521.0
2004-10-27 05:00:00,1557.0,1557.0
2004-10-27 06:00:00,1682.0,1682.0
2004-10-27 07:00:00,1945.0,1945.0
2004-10-27 08:00:00,2150.0,2150.0
2004-10-27 09:00:00,2183.0,2183.0
2004-10-27 10:00:00,2188.0,2188.0
2004-10-27 11:00:00,2207.0,2207.0
2004-10-27 12:00:00,2195.0,2195.0
2004-10-27 13:00:00,2190.0,2190.0
2004-10-27 14:00:00,2189.0,2189.0
2004-10-27 15:00:00,2169.0,2169.0
2004-10-27 16:00:00,2137.0,2137.0
2004-10-27 17:00:00,2142.0,2142.0
2004-10-27 18:00:00,2136.0,2136.0
2004-10-27 19:00:00,2180.0,2180.0
2004-10-27 20:00:00,2246.0,2246.0
2004-10-27 21:00:00,2205.0,2205.0
2004-10-27 22:00:00,2121.0,2121.0
2004-10-27 23:00:00,1960.0,1960.0
2004-10-28 00:00:00,1797.0,1797.0
2004-10-28 01:00:00,1670.0,1670.0
2004-10-28 02:00:00,1603.0,1603.0
2004-10-28 03:00:00,1568.0,1568.0
2004-10-28 04:00:00,1555.0,1555.0
2004-10-28 05:00:00,1588.0,1588.0
2004-10-28 06:00:00,1712.0,1712.0
2004-10-28 07:00:00,1976.0,1976.0
2004-10-28 08:00:00,2170.0,2170.0
2004-10-28 09:00:00,2166.0,2166.0
2004-10-28 10:00:00,2164.0,2164.0
2004-10-28 11:00:00,2174.0,2174.0
2004-10-28 12:00:00,2156.0,2156.0
2004-10-28 13:00:00,2150.0,2150.0
2004-10-28 14:00:00,2154.0,2154.0
2004-10-28 15:00:00,2138.0,2138.0
2004-10-28 16:00:00,2106.0,2106.0
2004-10-28 17:00:00,2107.0,2107.0
2004-10-28 18:00:00,2083.0,2083.0
2004-10-28 19:00:00,2075.0,2075.0
2004-10-28 20:00:00,2166.0,2166.0
2004-10-28 21:00:00,2159.0,2159.0
2004-10-28 22:00:00,2090.0,2090.0
2004-10-28 23:00:00,1938.0,1938.0
2004-10-29 00:00:00,1791.0,1791.0000000000002
2004-10-29 01:00:00,1679.0,1678.9999999999998
2004-10-29 02:00:00,1635.0,1635.0
2004-10-29 03:00:00,1596.0,1596.0000000000002
2004-10-29 04:00:00,1571.0,1571.0000000000002
2004-10-29 05:00:00,1605.0,1605.0
2004-10-29 06:00:00,1720.0,1720.0
2004-10-29 07:00:00,1977.0,1976.9999999999998
2004-10-29 08:00:00,2189.0,2189.0
2004-10-29 09:00:00,2215.0,2215.0
2004-10-29 10:00:00,2205.0,2205.0
2004-10-29 11:00:00,2241.0,2241.0
2004-10-29 12:00:00,2266.0,2266.0
2004-10-29 13:00:00,2248.0,2248.0
2004-10-29 14:00:00,2221.0,2221.0
2004-10-29 15:00:00,2211.0,2211.0
2004-10-29 16:00:00,2193.0,2193.0
2004-10-29 17:00:00,2182.0,2182.0
2004-10-29 18:00:00,2136.0,2136.0
2004-10-29 19:00:00,2147.0,2147.0
2004-10-29 20:00:00,2195.0,2195.0
2004-10-29 21:00:00,2146.0,2146.0
2004-10-29 22:00:00,2058.0,2058.0
2004-10-29 23:00:00,1934.0,1934.0000000000002
2004-10-30 00:00:00,1776.0,1776.0000000000002
2004-10-30 01:00:00,1638.0,1638.0
2004-10-30 02:00:00,1538.0,1538.0
2004-10-30 03:00:00,1486.0,1486.0
2004-10-30 04:00:00,1474.0,1474.0
2004-10-30 05:00:00,1453.0,1453.0
2004-10-30 06:00:00,1483.0,1483.0
2004-10-30 07:00:00,1563.0,1563.0
2004-10-30 08:00:00,1685.0,1685.0
2004-10-30 09:00:00,1779.0,1778.9999999999998
2004-10-30 10:00:00,1872.0,1872.0
2004-10-30 11:00:00,1939.0,1939.0000000000002
2004-10-30 12:00:00,1947.0,1946.9999999999998
2004-10-30 13:00:00,1948.0,1948.0
2004-10-30 14:00:00,1914.0,1914.0000000000002
2004-10-30 15:00:00,1883.0,1883.0
2004-10-30 16:00:00,1849.0,1848.9999999999998
2004-10-30 17:00:00,1817.0,1817.0
2004-10-30 18:00:00,1777.0,1777.0
2004-10-30 19:00:00,1780.0,1780.0
2004-10-30 20:00:00,1861.0,1861.0
2004-10-30 21:00:00,1824.0,1823.9999999999998
2004-10-30 22:00:00,1761.0,1761.0000000000002
2004-10-30 23:00:00,1656.0,1656.0000000000002
2004-10-31 00:00:00,1528.0,1528.0
2004-10-31 01:00:00,1406.0,1406.0
2004-10-31 03:00:00,1282.0,1282.0
2004-10-31 04:00:00,1267.0,1267.0
2004-10-31 05:00:00,1274.0,1274.0
2004-10-31 06:00:00,1312.0,1312.0
2004-10-31 07:00:00,1376.0,1376.0
2004-10-31 08:00:00,1444.0,1444.0
2004-10-31 09:00:00,1575.0,1575.0
2004-10-31 10:00:00,1637.0,1637.0
2004-10-31 11:00:00,1661.0,1661.0000000000002
2004-10-31 12:00:00,1683.0,1683.0
2004-10-31 13:00:00,1684.0,1683.9999999999998
2004-10-31 14:00:00,1663.0,1663.0
2004-10-31 15:00:00,1636.0,1636.0000000000002
2004-10-31 16:00:00,1625.0,1625.0
2004-10-31 17:00:00,1647.0,1647.0
2004-10-31 18:00:00,1720.0,1720.0
2004-10-31 19:00:00,1860.0,1860.0
2004-10-31 20:00:00,1859.0,1858.9999999999998
2004-10-31 21:00:00,1846.0,1846.0
2004-10-31 22:00:00,1785.0,1785.0
2004-10-31 23:00:00,1690.0,1690.0
2004-11-01 00:00:00,1601.0,1601.0000000000002
2004-11-01 01:00:00,1533.0,1533.0
2004-11-01 02:00:00,1500.0,1500.0
2004-11-01 03:00:00,1489.0,1489.0
2004-11-01 04:00:00,1497.0,1497.0
2004-11-01 05:00:00,1557.0,1557.0
2004-11-01 06:00:00,1704.0,1703.9999999999998
2004-11-01 07:00:00,1961.0,1961.0
2004-11-01 08:00:00,2119.0,2119.0
2004-11-01 09:00:00,2181.0,2181.0
2004-11-01 10:00:00,2188.0,2188.0
2004-11-01 11:00:00,2206.0,2206.0
2004-11-01 12:00:00,2208.0,2208.0
2004-11-01 13:00:00,2210.0,2210.0
2004-11-01 14:00:00,2205.0,2205.0
2004-11-01 15:00:00,2186.0,2186.0
2004-11-01 16:00:00,2165.0,2165.0
2004-11-01 17:00:00,2168.0,2168.0
2004-11-01 18:00:00,2237.0,2237.0
2004-11-01 19:00:00,2314.0,2314.0
2004-11-01 20:00:00,2280.0,2280.0
2004-11-01 21:00:00,2204.0,2204.0
2004-11-01 22:00:00,2092.0,2092.0
2004-11-01 23:00:00,1929.0,1929.0000000000002
2004-11-02 00:00:00,1772.0,1772.0
2004-11-02 01:00:00,1666.0,1666.0000000000002
2004-11-02 02:00:00,1607.0,1607.0
2004-11-02 03:00:00,1560.0,1560.0
2004-11-02 04:00:00,1548.0,1548.0
2004-11-02 05:00:00,1582.0,1582.0
2004-11-02 06:00:00,1716.0,1716.0000000000002
2004-11-02 07:00:00,1969.0,1969.0000000000002
2004-11-02 08:00:00,2094.0,2094.0
2004-11-02 09:00:00,2107.0,2107.0
2004-11-02 10:00:00,2146.0,2146.0
2004-11-02 11:00:00,2169.0,2169.0
2004-11-02 12:00:00,2176.0,2176.0
2004-11-02 13:00:00,2183.0,2183.0
2004-11-02 14:00:00,2166.0,2166.0
2004-11-02 15:00:00,2151.0,2151.0
2004-11-02 16:00:00,2119.0,2119.0
2004-11-02 17:00:00,2162.0,2162.0
2004-11-02 18:00:00,2224.0,2224.0
2004-11-02 19:00:00,2251.0,2251.0
2004-11-02 20:00:00,2199.0,2199.0
2004-11-02 21:00:00,2133.0,2133.0
2004-11-02 22:00:00,2027.0,2026.9999999999998
2004-11-02 23:00:00,1896.0,1896.0
2004-11-03 00:00:00,1752.0,1752.0
2004-11-03 01:00:00,1666.0,1666.0000000000002
2004-11-03 02:00:00,1609.0,1608.9999999999998
2004-11-03 03:00:00,1574.0,1574.0
2004-11-03 04:00:00,1567.0,1567.0
2004-11-03 05:00:00,1608.0,1608.0
2004-11-03 06:00:00,1743.0,1743.0
2004-11-03 07:00:00,2007.0,2006.9999999999998
2004-11-03 08:00:00,2154.0,2154.0
2004-11-03 09:00:00,2166.0,2166.0
2004-11-03 10:00:00,2187.0,2187.0
2004-11-03 11:00:00,2216.0,2216.0
2004-11-03 12:00:00,2190.0,2190.0
2004-11-03 13:00:00,2189.0,2189.0
2004-11-03 14:00:00,2163.0,2163.0
2004-11-03 15:00:00,2131.0,2131.0
2004-11-03 16:00:00,2107.0,2107.0
2004-11-03 17:00:00,2121.0,2121.0
2004-11-03 18:00:00,2199.0,2199.0
2004-11-03 19:00:00,2321.0,2321.0
2004-11-03 20:00:00,2290.0,2290.0
2004-11-03 21:00:00,2233.0,2233.0
2004-11-03 22:00:00,2137.0,2137.0
2004-11-03 23:00:00,1976.0,1976.0
2004-11-04 00:00:00,1839.0,1838.9999999999998
2004-11-04 01:00:00,1734.0,1733.9999999999998
2004-11-04 02:00:00,1664.0,1663.9999999999998
2004-11-04 03:00:00,1628.0,1628.0
2004-11-04 04:00:00,1629.0,1628.9999999999998
2004-11-04 05:00:00,1661.0,1661.0000000000002
2004-11-04 06:00:00,1780.0,1780.0
2004-11-04 07:00:00,2018.0,2018.0
2004-11-04 08:00:00,2158.0,2158.0
2004-11-04 09:00:00,2152.0,2152.0
2004-11-04 10:00:00,2173.0,2173.0
2004-11-04 11:00:00,2176.0,2176.0
2004-11-04 12:00:00,2162.0,2162.0
2004-11-04 13:00:00,2162.0,2162.0
2004-11-04 14:00:00,2163.0,2163.0
2004-11-04 15:00:00,2148.0,2148.0
2004-11-04 16:00:00,2144.0,2144.0
2004-11-04 17:00:00,2178.0,2178.0
2004-11-04 18:00:00,2257.0,2257.0
2004-11-04 19:00:00,2310.0,2310.0
2004-11-04 20:00:00,2280.0,2280.0
2004-11-04 21:00:00,2223.0,2223.0
2004-11-04 22:00:00,2125.0,2125.0
2004-11-04 23:00:00,1991.0,1991.0
2004-11-05 00:00:00,1856.0,1856.0
2004-11-05 01:00:00,1752.0,1752.0
2004-11-05 02:00:00,1689.0,1688.9999999999998
2004-11-05 03:00:00,1662.0,1662.0
2004-11-05 04:00:00,1652.0,1652.0
2004-11-05 05:00:00,1702.0,1702.0
2004-11-05 06:00:00,1839.0,1838.9999999999998
2004-11-05 07:00:00,2093.0,2093.0
2004-11-05 08:00:00,2181.0,2181.0
2004-11-05 09:00:00,2192.0,2192.0
2004-11-05 10:00:00,2196.0,2196.0
2004-11-05 11:00:00,2195.0,2195.0
2004-11-05 12:00:00,2160.0,2160.0
2004-11-05 13:00:00,2132.0,2132.0
2004-11-05 14:00:00,2104.0,2104.0
2004-11-05 15:00:00,2065.0,2065.0
2004-11-05 16:00:00,2018.0,2018.0
2004-11-05 17:00:00,1998.0,1998.0
2004-11-05 18:00:00,2060.0,2060.0
2004-11-05 19:00:00,2172.0,2172.0
2004-11-05 20:00:00,2127.0,2127.0
2004-11-05 21:00:00,2085.0,2085.0
2004-11-05 22:00:00,2014.0,2014.0000000000002
2004-11-05 23:00:00,1905.0,1905.0
2004-11-06 00:00:00,1757.0,1757.0
2004-11-06 01:00:00,1658.0,1658.0
2004-11-06 02:00:00,1581.0,1581.0000000000002
2004-11-06 03:00:00,1547.0,1547.0
2004-11-06 04:00:00,1543.0,1543.0
2004-11-06 05:00:00,1562.0,1562.0
2004-11-06 06:00:00,1611.0,1611.0000000000002
2004-11-06 07:00:00,1705.0,1705.0
2004-11-06 08:00:00,1771.0,1771.0000000000002
2004-11-06 09:00:00,1856.0,1856.0
2004-11-06 10:00:00,1899.0,1899.0000000000002
2004-11-06 11:00:00,1886.0,1886.0
2004-11-06 12:00:00,1860.0,1860.0
2004-11-06 13:00:00,1812.0,1812.0
2004-11-06 14:00:00,1771.0,1771.0000000000002
2004-11-06 15:00:00,1724.0,1723.9999999999998
2004-11-06 16:00:00,1770.0,1770.0
2004-11-06 17:00:00,1700.0,1700.0
2004-11-06 18:00:00,1779.0,1778.9999999999998
2004-11-06 19:00:00,1874.0,1873.9999999999998
2004-11-06 20:00:00,1842.0,1842.0
2004-11-06 21:00:00,1795.0,1795.0
2004-11-06 22:00:00,1725.0,1725.0
2004-11-06 23:00:00,1643.0,1643.0
2004-11-07 00:00:00,1535.0,1535.0
2004-11-07 01:00:00,1442.0,1442.0
2004-11-07 02:00:00,1381.0,1381.0
2004-11-07 03:00:00,1357.0,1357.0
2004-11-07 04:00:00,1343.0,1343.0
2004-11-07 05:00:00,1344.0,1344.0
2004-11-07 06:00:00,1381.0,1381.0
2004-11-07 07:00:00,1437.0,1437.0
2004-11-07 08:00:00,1485.0,1485.0
2004-11-07 09:00:00,1578.0,1578.0
2004-11-07 10:00:00,1632.0,1632.0
2004-11-07 11:00:00,1645.0,1645.0
2004-11-07 12:00:00,1658.0,1658.0
2004-11-07 13:00:00,1665.0,1665.0
2004-11-07 14:00:00,1650.0,1650.0
2004-11-07 15:00:00,1626.0,1626.0000000000002
2004-11-07 16:00:00,1624.0,1623.9999999999998
2004-11-07 17:00:00,1650.0,1650.0
2004-11-07 18:00:00,1780.0,1780.0
2004-11-07 19:00:00,1899.0,1899.0000000000002
2004-11-07 20:00:00,1892.0,1892.0
2004-11-07 21:00:00,1847.0,1847.0
2004-11-07 22:00:00,1794.0,1793.9999999999998
2004-11-07 23:00:00,1703.0,1703.0
2004-11-08 00:00:00,1619.0,1618.9999999999998
2004-11-08 01:00:00,1566.0,1566.0000000000002
2004-11-08 02:00:00,1530.0,1530.0
2004-11-08 03:00:00,1531.0,1530.9999999999998
2004-11-08 04:00:00,1552.0,1552.0
2004-11-08 05:00:00,1623.0,1623.0
2004-11-08 06:00:00,1780.0,1780.0
2004-11-08 07:00:00,2070.0,2070.0
2004-11-08 08:00:00,2200.0,2200.0
2004-11-08 09:00:00,2233.0,2233.0
2004-11-08 10:00:00,2237.0,2237.0
2004-11-08 11:00:00,2264.0,2264.0
2004-11-08 12:00:00,2221.0,2221.0
2004-11-08 13:00:00,2192.0,2192.0
2004-11-08 14:00:00,2159.0,2159.0
2004-11-08 15:00:00,2127.0,2127.0
2004-11-08 16:00:00,2092.0,2092.0
2004-11-08 17:00:00,2096.0,2096.0
2004-11-08 18:00:00,2227.0,2227.0
2004-11-08 19:00:00,2364.0,2364.0
2004-11-08 20:00:00,2344.0,2344.0
2004-11-08 21:00:00,2301.0,2301.0
2004-11-08 22:00:00,2202.0,2202.0
2004-11-08 23:00:00,2064.0,2064.0
2004-11-09 00:00:00,1921.0,1921.0
2004-11-09 01:00:00,1826.0,1826.0
2004-11-09 02:00:00,1783.0,1783.0
2004-11-09 03:00:00,1751.0,1751.0000000000002
2004-11-09 04:00:00,1754.0,1753.9999999999998
2004-11-09 05:00:00,1797.0,1797.0
2004-11-09 06:00:00,1936.0,1936.0
2004-11-09 07:00:00,2209.0,2209.0
2004-11-09 08:00:00,2320.0,2320.0
2004-11-09 09:00:00,2301.0,2301.0
2004-11-09 10:00:00,2282.0,2282.0
2004-11-09 11:00:00,2275.0,2275.0
2004-11-09 12:00:00,2229.0,2229.0
2004-11-09 13:00:00,2194.0,2194.0
2004-11-09 14:00:00,2181.0,2181.0
2004-11-09 15:00:00,2133.0,2133.0
2004-11-09 16:00:00,2095.0,2156.7771664935053
2004-11-09 17:00:00,2109.0,2085.625169276862
2004-11-09 18:00:00,2238.0,2080.1767638890306
2004-11-09 19:00:00,2367.0,2124.263989699579
2004-11-09 20:00:00,2339.0,2121.374057114689
2004-11-09 21:00:00,2303.0,2021.0788367054156
2004-11-09 22:00:00,2195.0,1957.1171555406945
2004-11-09 23:00:00,2061.0,1952.5694220487326
2004-11-10 00:00:00,1912.0,1895.304745763442
2004-11-10 01:00:00,1828.0,1828.401676777471
2004-11-10 02:00:00,1766.0,1812.9302570904886
2004-11-10 03:00:00,1744.0,1784.505772143611
2004-11-10 04:00:00,1734.0,1714.8330945942755
2004-11-10 05:00:00,1779.0,1708.2366941377727
2004-11-10 06:00:00,1902.0,1774.6319689426493
2004-11-10 07:00:00,2164.0,1798.0952860308737
2004-11-10 08:00:00,2255.0,1822.0685789693305
2004-11-10 09:00:00,2260.0,1868.887202460202
2004-11-10 10:00:00,2228.0,1989.810018592449
2004-11-10 11:00:00,2220.0,2032.9898581330801
2004-11-10 12:00:00,2182.0,2072.615817011608
2004-11-10 13:00:00,2164.0,2153.338883160665
2004-11-10 14:00:00,2146.0,2232.030076370097
2004-11-10 15:00:00,2119.0,2249.7912311912123
2004-11-10 16:00:00,2094.0,2113.642927206807
2004-11-10 17:00:00,2103.0,2041.71088479773
2004-11-10 18:00:00,2236.0,2100.7688718721192
2004-11-10 19:00:00,2295.0,2138.626731385613
2004-11-10 20:00:00,2257.0,2152.808123029001
2004-11-10 21:00:00,2204.0,2155.887814440383
2004-11-10 22:00:00,2111.0,2098.300834539039
2004-11-10 23:00:00,1952.0,2063.2743067328374
2004-11-11 00:00:00,1812.0,1994.6901071878242
2004-11-11 01:00:00,1717.0,1903.0619184421814
2004-11-11 02:00:00,1644.0,1827.969636440669
2004-11-11 03:00:00,1619.0,1778.8949554085082
2004-11-11 04:00:00,1601.0,1704.0715773078878
2004-11-11 05:00:00,1646.0,1650.5173052079242
2004-11-11 06:00:00,1762.0,1741.9038779935129
2004-11-11 07:00:00,2007.0,1909.28215962262
2004-11-11 08:00:00,2137.0,2022.8291240381866
2004-11-11 09:00:00,2153.0,2069.321325483743
2004-11-11 10:00:00,2173.0,2101.4099572458263
2004-11-11 11:00:00,2195.0,2169.9862993860006
2004-11-11 12:00:00,2202.0,2189.203624221375
2004-11-11 13:00:00,2207.0,2134.576915889552
2004-11-11 14:00:00,2214.0,2193.1615064150105
2004-11-11 15:00:00,2215.0,2217.31549775057
2004-11-11 16:00:00,2202.0,2120.2928804617727
2004-11-11 17:00:00,2239.0,1941.2696114715384
2004-11-11 18:00:00,2343.0,1863.3267898598006
2004-11-11 19:00:00,2369.0,1986.5659194848565
2004-11-11 20:00:00,2319.0,2138.472329372372
2004-11-11 21:00:00,2258.0,2139.265828024136
2004-11-11 22:00:00,2162.0,2038.9456192432808
2004-11-11 23:00:00,2033.0,1987.0266756983654
2004-11-12 00:00:00,1894.0,1960.0791159943676
2004-11-12 01:00:00,1784.0,1856.2500281284513
2004-11-12 02:00:00,1725.0,1814.9170431161842
2004-11-12 03:00:00,1694.0,1880.5095482139404
2004-11-12 04:00:00,1683.0,1829.8073804922008
2004-11-12 05:00:00,1715.0,1824.7857244252948
2004-11-12 06:00:00,1848.0,1979.443300957265
2004-11-12 07:00:00,2095.0,2158.94800033727
2004-11-12 08:00:00,2219.0,2167.9951160932314
2004-11-12 09:00:00,2235.0,2054.9785732149494
2004-11-12 10:00:00,2233.0,2086.683727646823
2004-11-12 11:00:00,2228.0,2179.2917018219578
2004-11-12 12:00:00,2201.0,2160.0930653017945
2004-11-12 13:00:00,2165.0,2201.49620464416
2004-11-12 14:00:00,2143.0,2179.3366510611318
2004-11-12 15:00:00,2089.0,2196.244214555705
2004-11-12 16:00:00,2039.0,2197.507633407501
2004-11-12 17:00:00,2033.0,2132.6927772683257
2004-11-12 18:00:00,2197.0,2119.0353877336156
2004-11-12 19:00:00,2229.0,2165.0953502009347
2004-11-12 20:00:00,2188.0,2237.40262335074
2004-11-12 21:00:00,2161.0,2131.4541991754236
2004-11-12 22:00:00,2098.0,1870.382821367003
2004-11-12 23:00:00,1985.0,1798.8321334524294
2004-11-13 00:00:00,1845.0,1661.0982544329675
2004-11-13 01:00:00,1727.0,1570.343974714073
2004-11-13 02:00:00,1625.0,1589.1637736299556
2004-11-13 03:00:00,1623.0,1565.711009318494
2004-11-13 04:00:00,1633.0,1564.3446604679968
2004-11-13 05:00:00,1654.0,1536.8129881769466
2004-11-13 06:00:00,1704.0,1553.1821613336044
2004-11-13 07:00:00,1801.0,1615.8938152315234
2004-11-13 08:00:00,1891.0,1562.0056806200453
2004-11-13 09:00:00,1957.0,1605.0173601096233
2004-11-13 10:00:00,1989.0,1747.848212005857
2004-11-13 11:00:00,1979.0,1808.401690132386
2004-11-13 12:00:00,1947.0,1822.7453910654613
2004-11-13 13:00:00,1883.0,1815.8194629618336
2004-11-13 14:00:00,1827.0,1876.2746843926961
2004-11-13 15:00:00,1778.0,1862.8922446505724
2004-11-13 16:00:00,1748.0,1798.4719079619179
2004-11-13 17:00:00,1759.0,1781.926882055997
2004-11-13 18:00:00,1882.0,1752.988184118676
2004-11-13 19:00:00,1986.0,1801.1081318119816
2004-11-13 20:00:00,1957.0,1866.1098483236728
2004-11-13 21:00:00,1925.0,1817.0594576200594
2004-11-13 22:00:00,1881.0,1787.320629929619
2004-11-13 23:00:00,1791.0,1676.0346292239171
2004-11-14 00:00:00,1696.0,1610.5947051061391
2004-11-14 01:00:00,1615.0,1564.5180135955309
2004-11-14 02:00:00,1571.0,1543.5456550217332
2004-11-14 03:00:00,1552.0,1555.9923084588704
2004-11-14 04:00:00,1556.0,1467.4941512629453
2004-11-14 05:00:00,1571.0,1434.6109815152658
2004-11-14 06:00:00,1604.0,1418.7061148594044
2004-11-14 07:00:00,1672.0,1401.0539134051048
2004-11-14 08:00:00,1721.0,1419.5665335647295
2004-11-14 09:00:00,1783.0,1455.7368902907394
2004-11-14 10:00:00,1803.0,1597.4920318025975
2004-11-14 11:00:00,1784.0,1796.7272955006172
2004-11-14 12:00:00,1761.0,1829.0166589318371
2004-11-14 13:00:00,1742.0,1798.3631745155974
2004-11-14 14:00:00,1697.0,1704.6532485481198
2004-11-14 15:00:00,1659.0,1659.834610547094
2004-11-14 16:00:00,1645.0,1657.940173937508
2004-11-14 17:00:00,1680.0,1647.886397378949
2004-11-14 18:00:00,1859.0,1694.911245082186
2004-11-14 19:00:00,1981.0,1869.6144907990272
2004-11-14 20:00:00,1976.0,1980.8964261560336
2004-11-14 21:00:00,1952.0,1895.210120667634
2004-11-14 22:00:00,1908.0,1761.7704466150285
2004-11-14 23:00:00,1820.0,1858.8529966855936
2004-11-15 00:00:00,1738.0,1812.2975657214104
2004-11-15 01:00:00,1675.0,1638.6984527922496
2004-11-15 02:00:00,1655.0,1539.6218724021753
2004-11-15 03:00:00,1661.0,1521.1429428114864
2004-11-15 04:00:00,1677.0,1574.3718597367815
2004-11-15 05:00:00,1732.0,1642.6193450838784
2004-11-15 06:00:00,1894.0,1667.6261732628338
2004-11-15 07:00:00,2171.0,1925.0274425355913
2004-11-15 08:00:00,2307.0,2093.9957404110505
2004-11-15 09:00:00,2309.0,2172.374808285462
2004-11-15 10:00:00,2318.0,2242.223288240319
2004-11-15 11:00:00,2287.0,2239.6786017022278
2004-11-15 12:00:00,2244.0,2173.8976787194665
2004-11-15 13:00:00,2220.0,2152.7060646138725
2004-11-15 14:00:00,2171.0,2143.017702644135
2004-11-15 15:00:00,2130.0,2061.364678157312
2004-11-15 16:00:00,2097.0,2018.9101225500892
2004-11-15 17:00:00,2130.0,2034.1908451442403
2004-11-15 18:00:00,2266.0,2088.916165769291
2004-11-15 19:00:00,2362.0,2153.802858575649
2004-11-15 20:00:00,2324.0,2277.954626640865
2004-11-15 21:00:00,2259.0,2246.96275744842
2004-11-15 22:00:00,2163.0,2090.8762046679503
2004-11-15 23:00:00,2004.0,2015.936611776029
2004-11-16 00:00:00,1869.0,1920.159335055988
2004-11-16 01:00:00,1768.0,1883.0275222309513
2004-11-16 02:00:00,1709.0,1823.8490741656137
2004-11-16 03:00:00,1669.0,1787.6231682890634
2004-11-16 04:00:00,1653.0,1701.0092226928753
2004-11-16 05:00:00,1691.0,1717.3797641891822
2004-11-16 06:00:00,1814.0,1901.4541950219384
2004-11-16 07:00:00,2078.0,2091.8093643062743
2004-11-16 08:00:00,2224.0,2104.1315957610077
2004-11-16 09:00:00,2235.0,2021.0647533710803
2004-11-16 10:00:00,2240.0,2050.5140991664157
2004-11-16 11:00:00,2237.0,2219.6816588969823
2004-11-16 12:00:00,2214.0,2167.2787166724493
2004-11-16 13:00:00,2195.0,2159.4621522343923
2004-11-16 14:00:00,2176.0,2157.5931411194783
2004-11-16 15:00:00,2143.0,2212.561837909302
2004-11-16 16:00:00,2129.0,2213.316008785451
2004-11-16 17:00:00,2143.0,2187.593764225789
2004-11-16 18:00:00,2260.0,2170.4403133934984
2004-11-16 19:00:00,2325.0,2139.3744067593925
2004-11-16 20:00:00,2273.0,2042.092852570837
2004-11-16 21:00:00,2212.0,2006.0839675769923
2004-11-16 22:00:00,2117.0,1920.9478933879316
2004-11-16 23:00:00,1964.0,1901.557637471877
2004-11-17 00:00:00,1814.0,1909.833198560653
2004-11-17 01:00:00,1709.0,1885.2089317658601
2004-11-17 02:00:00,1647.0,1905.4231608297775
2004-11-17 03:00:00,1609.0,1989.3761379216587
2004-11-17 04:00:00,1591.0,1925.2659520768614
2004-11-17 05:00:00,1627.0,1803.1262596393253
2004-11-17 06:00:00,1750.0,1823.4444119849816
2004-11-17 07:00:00,2005.0,1840.3583188270934
2004-11-17 08:00:00,2161.0,1759.5428330391323
2004-11-17 09:00:00,2160.0,1779.873478423017
2004-11-17 10:00:00,2171.0,1907.9926331792183
2004-11-17 11:00:00,2184.0,2004.9126805128901
2004-11-17 12:00:00,2176.0,2099.710519502821
2004-11-17 13:00:00,2163.0,2166.721727771993
2004-11-17 14:00:00,2173.0,2176.605671901348
2004-11-17 15:00:00,2150.0,2188.931255598088
2004-11-17 16:00:00,2141.0,2121.851531403014
2004-11-17 17:00:00,2181.0,1969.5133100703802
2004-11-17 18:00:00,2294.0,1825.678833420643
2004-11-17 19:00:00,2318.0,1925.1116676621232
2004-11-17 20:00:00,2280.0,2089.661646703139
2004-11-17 21:00:00,2208.0,2062.6099299558227
2004-11-17 22:00:00,2103.0,2021.1913979184435
2004-11-17 23:00:00,1958.0,1986.671905262844
2004-11-18 00:00:00,1803.0,1984.9577356397442
2004-11-18 01:00:00,1699.0,1912.7645976605245
2004-11-18 02:00:00,1625.0,1777.9454996033187
2004-11-18 03:00:00,1577.0,1772.0824685632774
2004-11-18 04:00:00,1570.0,1796.2831551506613
2004-11-18 05:00:00,1601.0,1678.0273943754482
2004-11-18 06:00:00,1721.0,1663.888551243569
2004-11-18 07:00:00,1970.0,1854.9467428842477
2004-11-18 08:00:00,2131.0,1918.7823572958393
2004-11-18 09:00:00,2130.0,2031.5349851900967
2004-11-18 10:00:00,2128.0,2106.041775973186
2004-11-18 11:00:00,2149.0,2150.8448545931765
2004-11-18 12:00:00,2141.0,2144.942522106407
2004-11-18 13:00:00,2143.0,2095.9157818598546
2004-11-18 14:00:00,2129.0,2116.7573845104052
2004-11-18 15:00:00,2108.0,2032.5557356610414
2004-11-18 16:00:00,2077.0,1949.471331860504
2004-11-18 17:00:00,2100.0,1954.191101040095
2004-11-18 18:00:00,2221.0,1875.7737277760427
2004-11-18 19:00:00,2263.0,1929.1955770952488
2004-11-18 20:00:00,2220.0,2070.429155847962
2004-11-18 21:00:00,2163.0,2080.3346304433353
2004-11-18 22:00:00,2059.0,1983.8086192354292
2004-11-18 23:00:00,1919.0,1926.6919518094182
2004-11-19 00:00:00,1756.0,1914.483111090414
2004-11-19 01:00:00,1653.0,1773.3720285063803
2004-11-19 02:00:00,1560.0,1761.9805394821317
2004-11-19 03:00:00,1538.0,1871.9379055044355
2004-11-19 04:00:00,1529.0,1930.0173715827402
2004-11-19 05:00:00,1557.0,1837.9026403926239
2004-11-19 06:00:00,1690.0,1920.179448241968
2004-11-19 07:00:00,1942.0,2162.1939300038025
2004-11-19 08:00:00,2105.0,2250.959765417207
2004-11-19 09:00:00,2108.0,2111.192759859045
2004-11-19 10:00:00,2125.0,2078.382694979842
2004-11-19 11:00:00,2146.0,2169.397076884251
2004-11-19 12:00:00,2130.0,2185.0818145610106
2004-11-19 13:00:00,2131.0,2110.5482225354735
2004-11-19 14:00:00,2144.0,2160.7676013840214
2004-11-19 15:00:00,2103.0,2225.9780730570214
2004-11-19 16:00:00,2074.0,2271.1224796853476
2004-11-19 17:00:00,2084.0,2201.9763080441985
2004-11-19 18:00:00,2141.0,2228.478210165917
2004-11-19 19:00:00,2151.0,2146.2154633048235
2004-11-19 20:00:00,2083.0,2036.1111734023004
2004-11-19 21:00:00,2027.0,2014.8369792685744
2004-11-19 22:00:00,1954.0,1811.4391847882841
2004-11-19 23:00:00,1836.0,1769.5305441076755
2004-11-20 00:00:00,1680.0,1740.5979403497554
2004-11-20 01:00:00,1554.0,1716.3979905487236
2004-11-20 02:00:00,1470.0,1658.5585584704475
2004-11-20 03:00:00,1425.0,1659.512597459219
2004-11-20 04:00:00,1407.0,1584.436431289873
2004-11-20 05:00:00,1415.0,1563.2593185871053
2004-11-20 06:00:00,1458.0,1548.9032145921517
2004-11-20 07:00:00,1557.0,1574.6033038479422
2004-11-20 08:00:00,1657.0,1519.266891264563
2004-11-20 09:00:00,1745.0,1522.1027883280756
2004-11-20 10:00:00,1819.0,1571.0554611390155
2004-11-20 11:00:00,1872.0,1626.1231627716973
2004-11-20 12:00:00,1858.0,1668.1316305510222
2004-11-20 13:00:00,1839.0,1719.0435697561827
2004-11-20 14:00:00,1795.0,1727.3778246742993
2004-11-20 15:00:00,1754.0,1859.8303857133476
2004-11-20 16:00:00,1744.0,1881.1741571596772
2004-11-20 17:00:00,1761.0,1845.2413727088697
2004-11-20 18:00:00,1859.0,1715.8968726031837
2004-11-20 19:00:00,1889.0,1696.0044743076396
2004-11-20 20:00:00,1844.0,1784.3391706547998
2004-11-20 21:00:00,1797.0,1741.5787312861905
2004-11-20 22:00:00,1742.0,1719.4834096329564
2004-11-20 23:00:00,1649.0,1688.2985381785413
2004-11-21 00:00:00,1545.0,1711.056736401146
2004-11-21 01:00:00,1442.0,1641.6585676399413
2004-11-21 02:00:00,1380.0,1615.1378177882548
2004-11-21 03:00:00,1347.0,1576.147399727918
2004-11-21 04:00:00,1332.0,1545.936264787503
2004-11-21 05:00:00,1338.0,1499.5885989102107
2004-11-21 06:00:00,1365.0,1439.5725334366148
2004-11-21 07:00:00,1429.0,1403.057674281068
2004-11-21 08:00:00,1515.0,1519.9817367751775
2004-11-21 09:00:00,1597.0,1655.377256232547
2004-11-21 10:00:00,1672.0,1681.2452732526358
2004-11-21 11:00:00,1713.0,1634.2454120155007
2004-11-21 12:00:00,1725.0,1832.274457652061
2004-11-21 13:00:00,1720.0,1849.764561497743
2004-11-21 14:00:00,1697.0,1766.2199120617508
2004-11-21 15:00:00,1674.0,1667.1818875520792
2004-11-21 16:00:00,1669.0,1723.3039711271256
2004-11-21 17:00:00,1713.0,1766.6874259253111
2004-11-21 18:00:00,1870.0,1727.3497494452108
2004-11-21 19:00:00,1962.0,1725.9899004879364
2004-11-21 20:00:00,1960.0,1862.0194139203345
2004-11-21 21:00:00,1930.0,1891.526645517847
2004-11-21 22:00:00,1881.0,1868.1867917907314
2004-11-21 23:00:00,1783.0,1872.12634387251
2004-11-22 00:00:00,1681.0,1877.132633662615
2004-11-22 01:00:00,1592.0,1700.9949084567581
2004-11-22 02:00:00,1551.0,1552.802240995844
2004-11-22 03:00:00,1530.0,1532.4982723988237
2004-11-22 04:00:00,1540.0,1678.7812161214779
2004-11-22 05:00:00,1589.0,1670.4060124312516
2004-11-22 06:00:00,1733.0,1667.9621226920142
2004-11-22 07:00:00,1993.0,1920.0119535369429
2004-11-22 08:00:00,2191.0,2118.988509726462
2004-11-22 09:00:00,2200.0,2146.489543916576
2004-11-22 10:00:00,2220.0,2112.727414134846
2004-11-22 11:00:00,2239.0,2186.9689844599598
2004-11-22 12:00:00,2212.0,2176.015628000682
2004-11-22 13:00:00,2207.0,2127.218626452989
2004-11-22 14:00:00,2188.0,2074.9773468089743
2004-11-22 15:00:00,2168.0,2096.6641488644245
2004-11-22 16:00:00,2125.0,2090.31731414259
2004-11-22 17:00:00,2155.0,2051.3835449781186
2004-11-22 18:00:00,2293.0,2094.6287107278335
2004-11-22 19:00:00,2343.0,2136.3158197991365
2004-11-22 20:00:00,2302.0,2178.0582450090246
2004-11-22 21:00:00,2256.0,2177.5516617610797
2004-11-22 22:00:00,2153.0,2102.4637053798347
2004-11-22 23:00:00,2003.0,1978.5570511833705
2004-11-23 00:00:00,1842.0,1948.2393099081853
2004-11-23 01:00:00,1727.0,1872.3777852460696
2004-11-23 02:00:00,1657.0,1850.7806302394026
2004-11-23 03:00:00,1612.0,1754.6560178769982
2004-11-23 04:00:00,1597.0,1876.977362397604
2004-11-23 05:00:00,1632.0,1983.3096791129913
2004-11-23 06:00:00,1762.0,1997.0247751598552
2004-11-23 07:00:00,2007.0,2090.1688345736475
2004-11-23 08:00:00,2167.0,2099.7221377486535
2004-11-23 09:00:00,2171.0,1950.5973295167
2004-11-23 10:00:00,2170.0,1948.2309995131889
2004-11-23 11:00:00,2181.0,2014.3985639443404
2004-11-23 12:00:00,2167.0,2070.647285416668
2004-11-23 13:00:00,2145.0,2093.324131408418
2004-11-23 14:00:00,2127.0,2238.8177585856806
2004-11-23 15:00:00,2107.0,2286.3824461309287
2004-11-23 16:00:00,2070.0,2330.184875142448
2004-11-23 17:00:00,2088.0,2245.73611939735
2004-11-23 18:00:00,2240.0,2195.287279977264
2004-11-23 19:00:00,2271.0,2053.4299773803186
2004-11-23 20:00:00,2232.0,2049.476731970984
2004-11-23 21:00:00,2191.0,2030.3024438651505
2004-11-23 22:00:00,2095.0,1990.2260841392845
2004-11-23 23:00:00,1955.0,1931.7007972456697
2004-11-24 00:00:00,1817.0,1908.0233620299407
2004-11-24 01:00:00,1690.0,1944.0734410110238
2004-11-24 02:00:00,1619.0,1904.8925249699712
2004-11-24 03:00:00,1574.0,1894.0262303854295
2004-11-24 04:00:00,1561.0,1916.3248014362925
2004-11-24 05:00:00,1597.0,1879.0004048715261
2004-11-24 06:00:00,1711.0,1832.4764070639358
2004-11-24 07:00:00,1912.0,1768.3026101350151
2004-11-24 08:00:00,2090.0,1755.4130955440737
2004-11-24 09:00:00,2135.0,1807.1927026090902
2004-11-24 10:00:00,2189.0,1825.9166475842785
2004-11-24 11:00:00,2229.0,1986.6905198139668
2004-11-24 12:00:00,2235.0,2127.5982185930975
2004-11-24 13:00:00,2230.0,2168.571505324189
2004-11-24 14:00:00,2208.0,2146.8284518443265
2004-11-24 15:00:00,2166.0,2149.34315697298
2004-11-24 16:00:00,2133.0,2081.1222396109592
2004-11-24 17:00:00,2136.0,1941.0264607147465
2004-11-24 18:00:00,2219.0,1769.9277667299957
2004-11-24 19:00:00,2221.0,1909.7852374706893
2004-11-24 20:00:00,2159.0,2014.6741219770774
2004-11-24 21:00:00,2116.0,2088.758448674235
2004-11-24 22:00:00,2033.0,1982.7787414336117
2004-11-24 23:00:00,1881.0,1978.4101623114902
2004-11-25 00:00:00,1713.0,2054.295786349929
2004-11-25 01:00:00,1594.0,1930.227678477843
2004-11-25 02:00:00,1514.0,1773.4442481273309
2004-11-25 03:00:00,1489.0,1773.8040337786854
2004-11-25 04:00:00,1488.0,1826.4204977551376
2004-11-25 05:00:00,1502.0,1806.5793555280784
2004-11-25 06:00:00,1541.0,1690.7254173510146
2004-11-25 07:00:00,1606.0,1838.895639386317
2004-11-25 08:00:00,1684.0,2026.9759044121085
2004-11-25 09:00:00,1784.0,2066.3694272862094
2004-11-25 10:00:00,1890.0,2111.572225122389
2004-11-25 11:00:00,1964.0,2113.075031877104
2004-11-25 12:00:00,1948.0,2140.7418031989373
2004-11-25 13:00:00,1840.0,2122.254103960742
2004-11-25 14:00:00,1721.0,2077.803010241459
2004-11-25 15:00:00,1628.0,2084.474294950369
2004-11-25 16:00:00,1574.0,2099.2824198701055
2004-11-25 17:00:00,1547.0,1993.5760816553036
2004-11-25 18:00:00,1655.0,1955.227322271765
2004-11-25 19:00:00,1723.0,2070.3915830597425
2004-11-25 20:00:00,1757.0,2213.642500601527
2004-11-25 21:00:00,1768.0,2107.287977396259
2004-11-25 22:00:00,1762.0,2023.6511056958896
2004-11-25 23:00:00,1717.0,2011.6292514283946
2004-11-26 00:00:00,1646.0,1964.668381266622
2004-11-26 01:00:00,1579.0,1815.0751009009628
2004-11-26 02:00:00,1546.0,1710.3979171977821
2004-11-26 03:00:00,1516.0,1786.0920476173008
2004-11-26 04:00:00,1517.0,2013.1258043335092
2004-11-26 05:00:00,1560.0,1944.6897842151366
2004-11-26 06:00:00,1625.0,2026.7765787169985
2004-11-26 07:00:00,1714.0,2115.833693919734
2004-11-26 08:00:00,1811.0,2220.74847263598
2004-11-26 09:00:00,1860.0,2201.1020097532974
2004-11-26 10:00:00,1917.0,2026.974311837437
2004-11-26 11:00:00,1940.0,2077.362169971029
2004-11-26 12:00:00,1930.0,2163.4180929565114
2004-11-26 13:00:00,1904.0,2170.710215991727
2004-11-26 14:00:00,1879.0,2239.788536936572
2004-11-26 15:00:00,1840.0,2181.1310596837775
2004-11-26 16:00:00,1813.0,2201.632411730374
2004-11-26 17:00:00,1837.0,2246.218258234755
2004-11-26 18:00:00,1939.0,2183.016472444193
2004-11-26 19:00:00,1950.0,2038.7391037095617
2004-11-26 20:00:00,1924.0,1915.3156105417493
2004-11-26 21:00:00,1861.0,1873.153183623401
2004-11-26 22:00:00,1806.0,1816.4381530382366
2004-11-26 23:00:00,1730.0,1765.2871215255539
2004-11-27 00:00:00,1620.0,1792.12951251329
2004-11-27 01:00:00,1526.0,1772.5049768352615
2004-11-27 02:00:00,1458.0,1725.3062383245938
2004-11-27 03:00:00,1430.0,1776.07935530033
2004-11-27 04:00:00,1419.0,1652.6268944221738
2004-11-27 05:00:00,1428.0,1683.9619008712584
2004-11-27 06:00:00,1467.0,1563.2544452402472
2004-11-27 07:00:00,1540.0,1495.8022065635905
2004-11-27 08:00:00,1634.0,1470.5046958519695
2004-11-27 09:00:00,1710.0,1484.0262930362146
2004-11-27 10:00:00,1794.0,1563.0870587715872
2004-11-27 11:00:00,1837.0,1549.3405535365273
2004-11-27 12:00:00,1819.0,1664.7694062741612
2004-11-27 13:00:00,1787.0,1942.729175980586
2004-11-27 14:00:00,1742.0,1797.5214628352041
2004-11-27 15:00:00,1733.0,1790.3480199934834
2004-11-27 16:00:00,1731.0,1881.662511365075
2004-11-27 17:00:00,1773.0,1809.0805868458388
2004-11-27 18:00:00,1911.0,1698.870109904245
2004-11-27 19:00:00,1936.0,1630.366460739193
2004-11-27 20:00:00,1913.0,1758.5777438728098
2004-11-27 21:00:00,1875.0,1764.4859459165311
2004-11-27 22:00:00,1823.0,1671.7516713627322
2004-11-27 23:00:00,1728.0,1689.2206636066462
2004-11-28 00:00:00,1627.0,1710.2208537870142
2004-11-28 01:00:00,1523.0,1671.0330743034644
2004-11-28 02:00:00,1473.0,1670.8966682566654
2004-11-28 03:00:00,1443.0,1623.3186845340251
2004-11-28 04:00:00,1453.0,1617.117355677136
2004-11-28 05:00:00,1454.0,1545.0793952983836
2004-11-28 06:00:00,1485.0,1494.283241081658
2004-11-28 07:00:00,1554.0,1429.6233977594395
2004-11-28 08:00:00,1640.0,1429.4933990073675
2004-11-28 09:00:00,1725.0,1763.7949841358777
2004-11-28 10:00:00,1799.0,1786.4982597396506
2004-11-28 11:00:00,1835.0,1796.357096931241
2004-11-28 12:00:00,1857.0,1896.3734859403523
2004-11-28 13:00:00,1864.0,1895.9593871036802
2004-11-28 14:00:00,1843.0,1759.8048931771752
2004-11-28 15:00:00,1804.0,1637.1767984681646
2004-11-28 16:00:00,1778.0,1688.9720224738185
2004-11-28 17:00:00,1802.0,1804.3051609377346
2004-11-28 18:00:00,1987.0,1669.1035675667445
2004-11-28 19:00:00,2095.0,1760.6047017450276
2004-11-28 20:00:00,2106.0,1961.731739228964
2004-11-28 21:00:00,2107.0,1974.6093745397154
2004-11-28 22:00:00,2057.0,1879.160707766113
2004-11-28 23:00:00,1974.0,1869.0503828936842
2004-11-29 00:00:00,1883.0,1821.7796863019987
2004-11-29 01:00:00,1796.0,1761.8622105562963
2004-11-29 02:00:00,1753.0,1656.8619987404209
2004-11-29 03:00:00,1736.0,1732.9631085484466
2004-11-29 04:00:00,1728.0,1754.934936173328
2004-11-29 05:00:00,1782.0,1830.1747116559
2004-11-29 06:00:00,1927.0,1787.4712544208508
2004-11-29 07:00:00,2179.0,1885.116114028035
2004-11-29 08:00:00,2337.0,2143.7377951642807
2004-11-29 09:00:00,2344.0,2214.7114136324158
2004-11-29 10:00:00,2359.0,2128.3463957707013
2004-11-29 11:00:00,2373.0,2078.4811653731967
2004-11-29 12:00:00,2361.0,2260.923728912417
2004-11-29 13:00:00,2357.0,2117.118360368712
2004-11-29 14:00:00,2337.0,1981.0412004243847
2004-11-29 15:00:00,2304.0,2055.066231882644
2004-11-29 16:00:00,2277.0,2115.8863933326384
2004-11-29 17:00:00,2318.0,2077.356707002375
2004-11-29 18:00:00,2466.0,2253.7117003096964
2004-11-29 19:00:00,2514.0,2216.8202050370965
2004-11-29 20:00:00,2473.0,2216.7981475825336
2004-11-29 21:00:00,2414.0,2112.234553973823
2004-11-29 22:00:00,2312.0,1938.4890874188598
2004-11-29 23:00:00,2144.0,1918.40851749405
2004-11-30 00:00:00,1981.0,1856.0174913285405
2004-11-30 01:00:00,1847.0,1855.3523548638445
2004-11-30 02:00:00,1782.0,1938.5066853770713
2004-11-30 03:00:00,1755.0,1821.0770927788662
2004-11-30 04:00:00,1740.0,2063.344613586486
2004-11-30 05:00:00,1776.0,2207.5329257357785
2004-11-30 06:00:00,1902.0,1997.0618633806607
2004-11-30 07:00:00,2180.0,1957.0598672062838
2004-11-30 08:00:00,2337.0,1993.0357939501494
2004-11-30 09:00:00,2321.0,1956.0488671289838
2004-11-30 10:00:00,2320.0,1905.0957528937718
2004-11-30 11:00:00,2331.0,1982.9227606246754
2004-11-30 12:00:00,2327.0,2058.5173502804337
2004-11-30 13:00:00,2315.0,2155.941708519692
2004-11-30 14:00:00,2299.0,2211.330875556007
2004-11-30 15:00:00,2298.0,2270.370879438483
2004-11-30 16:00:00,2293.0,2399.320922740201
2004-11-30 17:00:00,2334.0,2308.4004293837274
2004-11-30 18:00:00,2479.0,2159.7496356252764
2004-11-30 19:00:00,2497.0,2073.478658616727
2004-11-30 20:00:00,2452.0,2022.2060284733166
2004-11-30 21:00:00,2388.0,1982.932261355127
2004-11-30 22:00:00,2285.0,2005.6576368031697
2004-11-30 23:00:00,2117.0,1938.4838455437673
2004-12-01 00:00:00,1931.0,1978.3575146875985
2004-12-01 01:00:00,1802.0,2037.3280897646373
2004-12-01 02:00:00,1736.0,1960.501810017971
2004-12-01 03:00:00,1712.0,1921.0491104088965
2004-12-01 04:00:00,1722.0,1831.5732433224607
2004-12-01 05:00:00,1785.0,1895.12957199239
2004-12-01 06:00:00,1957.0,1756.9727942150291
2004-12-01 07:00:00,2223.0,1646.027498896781
2004-12-01 08:00:00,2388.0,1818.4946512932981
2004-12-01 09:00:00,2367.0,1895.1376557325946
2004-12-01 10:00:00,2331.0,1896.8422444328999
2004-12-01 11:00:00,2325.0,1947.0000159289573
2004-12-01 12:00:00,2305.0,2121.013928338137
2004-12-01 13:00:00,2275.0,2132.922816826172
2004-12-01 14:00:00,2247.0,2025.011358790471
2004-12-01 15:00:00,2199.0,2011.0232508048566
2004-12-01 16:00:00,2170.0,2007.0267918796117
2004-12-01 17:00:00,2203.0,1944.2396809866461
2004-12-01 18:00:00,2381.0,1894.8089971092704
2004-12-01 19:00:00,2488.0,1891.2579292858456
2004-12-01 20:00:00,2474.0,1964.5754344089921
2004-12-01 21:00:00,2442.0,2060.7314363491137
2004-12-01 22:00:00,2371.0,1903.8335006893772
2004-12-01 23:00:00,2222.0,1981.835182201583
2004-12-02 00:00:00,2042.0,2010.3909731027666
2004-12-02 01:00:00,1946.0,2004.8549184558995
2004-12-02 02:00:00,1884.0,1870.7900297765982
2004-12-02 03:00:00,1848.0,1727.3897267596897
2004-12-02 04:00:00,1851.0,1841.8580467484396
2004-12-02 05:00:00,1889.0,1839.9768547149843
2004-12-02 06:00:00,2022.0,1740.3123941536726
2004-12-02 07:00:00,2287.0,1857.5115379956274
2004-12-02 08:00:00,2430.0,2065.2133490751935
2004-12-02 09:00:00,2416.0,2215.6706681705255
2004-12-02 10:00:00,2416.0,2153.453271978587
2004-12-02 11:00:00,2372.0,2065.9770557789557
2004-12-02 12:00:00,2294.0,2098.1212696271136
2004-12-02 13:00:00,2265.0,2076.4335714359204
2004-12-02 14:00:00,2223.0,2002.6161582194145
2004-12-02 15:00:00,2198.0,2042.53436730675
2004-12-02 16:00:00,2157.0,2146.9747634846763
2004-12-02 17:00:00,2199.0,2166.812795028262
2004-12-02 18:00:00,2377.0,2165.8171107399244
2004-12-02 19:00:00,2465.0,2198.6158228676013
2004-12-02 20:00:00,2439.0,2196.784743459481
2004-12-02 21:00:00,2418.0,2117.6678499672116
2004-12-02 22:00:00,2328.0,2047.236561459959
2004-12-02 23:00:00,2193.0,1864.1020840580347
2004-12-03 00:00:00,2031.0,1876.5127371082388
2004-12-03 01:00:00,1918.0,1864.7633195381666
2004-12-03 02:00:00,1859.0,1732.1909458844605
2004-12-03 03:00:00,1894.0,1855.646338781081
2004-12-03 04:00:00,1824.0,1968.0818436986171
2004-12-03 05:00:00,1871.0,2110.1191623370187
2004-12-03 06:00:00,2012.0,2041.3854274826172
2004-12-03 07:00:00,2272.0,2035.640759465037
2004-12-03 08:00:00,2418.0,2317.5692597616003
2004-12-03 09:00:00,2374.0,2130.0138901353807
2004-12-03 10:00:00,2370.0,2071.7788921315873
2004-12-03 11:00:00,2354.0,2085.151919946495
2004-12-03 12:00:00,2310.0,2054.0091151143865
2004-12-03 13:00:00,2268.0,2100.7883336662344
2004-12-03 14:00:00,2233.0,2228.878834608564
2004-12-03 15:00:00,2169.0,2148.2178539134484
2004-12-03 16:00:00,2133.0,2187.1162493571396
2004-12-03 17:00:00,2151.0,2279.7342583152504
2004-12-03 18:00:00,2322.0,2268.30886248944
2004-12-03 19:00:00,2402.0,1920.1440220172715
2004-12-03 20:00:00,2376.0,1850.6369019729664
2004-12-03 21:00:00,2331.0,1817.8538759253906
2004-12-03 22:00:00,2280.0,1753.869824144537
2004-12-03 23:00:00,2162.0,1756.7169167583465
2004-12-04 00:00:00,2006.0,1816.4720345870142
2004-12-04 01:00:00,1885.0,1887.6422461697816
2004-12-04 02:00:00,1791.0,1836.951695267836
2004-12-04 03:00:00,1771.0,1736.3838887615827
2004-12-04 04:00:00,1764.0,1857.6011393680367
2004-12-04 05:00:00,1783.0,1630.1226972952522
2004-12-04 06:00:00,1845.0,1537.486161268819
2004-12-04 07:00:00,1958.0,1502.8754615219602
2004-12-04 08:00:00,2064.0,1482.618649706767
2004-12-04 09:00:00,2131.0,1649.3457278495396
2004-12-04 10:00:00,2160.0,1594.1112212338855
2004-12-04 11:00:00,2149.0,1538.0209864885783
2004-12-04 12:00:00,2093.0,1766.7654613239818
2004-12-04 13:00:00,2038.0,1859.012398910704
2004-12-04 14:00:00,1981.0,1811.9665739756133
2004-12-04 15:00:00,1932.0,1759.1365094792761
2004-12-04 16:00:00,1892.0,1776.463409269293
2004-12-04 17:00:00,1899.0,1832.6162458236277
2004-12-04 18:00:00,2058.0,1652.8550352737645
2004-12-04 19:00:00,2118.0,1596.4281607766807
2004-12-04 20:00:00,2073.0,1712.8291371958148
2004-12-04 21:00:00,2049.0,1779.8829442293095
2004-12-04 22:00:00,1989.0,1768.5979517386081
2004-12-04 23:00:00,1900.0,1664.698357543752
2004-12-05 00:00:00,1758.0,1771.9493639349691
2004-12-05 01:00:00,1654.0,1815.8326582441557
2004-12-05 02:00:00,1573.0,1676.5552294072675
2004-12-05 03:00:00,1552.0,1628.3968251017195
2004-12-05 04:00:00,1537.0,1544.3426826796544
2004-12-05 05:00:00,1547.0,1539.7387619835981
2004-12-05 06:00:00,1590.0,1535.3605224683565
2004-12-05 07:00:00,1662.0,1498.6518556991757
2004-12-05 08:00:00,1746.0,1744.2736133213398
2004-12-05 09:00:00,1802.0,1864.5416518695035
2004-12-05 10:00:00,1827.0,1837.1133999513495
2004-12-05 11:00:00,1798.0,1886.4343355397364
2004-12-05 12:00:00,1777.0,1748.9834333837553
2004-12-05 13:00:00,1758.0,1858.9478084157754
2004-12-05 14:00:00,1725.0,1697.5382596283885
2004-12-05 15:00:00,1687.0,1624.4877468481982
2004-12-05 16:00:00,1692.0,1786.7668918499103
2004-12-05 17:00:00,1770.0,1871.890048974833
2004-12-05 18:00:00,1988.0,1855.9495547516806
2004-12-05 19:00:00,2084.0,1760.7681643836504
2004-12-05 20:00:00,2073.0,1880.4466055169848
2004-12-05 21:00:00,2064.0,2095.9669496172123
2004-12-05 22:00:00,2009.0,1890.0412362711563
2004-12-05 23:00:00,1894.0,1802.0935336390412
2004-12-06 00:00:00,1778.0,1764.486066313757
2004-12-06 01:00:00,1677.0,1783.816540647142
2004-12-06 02:00:00,1634.0,1829.5127365696035
2004-12-06 03:00:00,1618.0,1724.0457391497137
2004-12-06 04:00:00,1615.0,1839.044802616628
2004-12-06 05:00:00,1675.0,1970.5273222854482
2004-12-06 06:00:00,1831.0,1950.6256539465435
2004-12-06 07:00:00,2087.0,2084.7664422806733
2004-12-06 08:00:00,2271.0,2199.0232101939455
2004-12-06 09:00:00,2282.0,2296.0680820451034
2004-12-06 10:00:00,2290.0,2091.2358230916707
2004-12-06 11:00:00,2295.0,1927.0811828195926
2004-12-06 12:00:00,2275.0,2104.6110541573266
2004-12-06 13:00:00,2280.0,2044.9170727817009
2004-12-06 14:00:00,2249.0,2015.753758105815
2004-12-06 15:00:00,2214.0,2110.3185507028165
2004-12-06 16:00:00,2188.0,2116.466731807726
2004-12-06 17:00:00,2207.0,2221.3592042083105
2004-12-06 18:00:00,2382.0,2313.755737728248
2004-12-06 19:00:00,2436.0,2126.838009781058
2004-12-06 20:00:00,2393.0,2080.6942751547394
2004-12-06 21:00:00,2354.0,2056.534231271074
2004-12-06 22:00:00,2247.0,2017.670143938415
2004-12-06 23:00:00,2069.0,1943.631307475836
2004-12-07 00:00:00,1869.0,1867.0930743920783
2004-12-07 01:00:00,1747.0,1929.564502715206
2004-12-07 02:00:00,1669.0,1921.8000793375495
2004-12-07 03:00:00,1627.0,1949.8808243942228
2004-12-07 04:00:00,1621.0,2046.145852809538
2004-12-07 05:00:00,1647.0,2204.373014226654
2004-12-07 06:00:00,1780.0,2083.0039797886884
2004-12-07 07:00:00,2054.0,1828.3326544872718
2004-12-07 08:00:00,2214.0,2018.1976318737816
2004-12-07 09:00:00,2215.0,1965.910881408544
2004-12-07 10:00:00,2220.0,1854.280615890116
2004-12-07 11:00:00,2233.0,1879.8930013070285
2004-12-07 12:00:00,2219.0,2016.4349661998735
2004-12-07 13:00:00,2197.0,2287.7510737861917
2004-12-07 14:00:00,2172.0,2277.87438231965
2004-12-07 15:00:00,2144.0,2240.769487228508
2004-12-07 16:00:00,2160.0,2375.435513200915
2004-12-07 17:00:00,2221.0,2204.5022235706465
2004-12-07 18:00:00,2423.0,2033.2848563874047
2004-12-07 19:00:00,2418.0,1997.7011334371746
2004-12-07 20:00:00,2381.0,1980.1949013067226
2004-12-07 21:00:00,2347.0,2056.454704976372
2004-12-07 22:00:00,2261.0,2032.6282554970035
2004-12-07 23:00:00,2107.0,1977.237908551794
2004-12-08 00:00:00,1914.0,2029.4631563841476
2004-12-08 01:00:00,1803.0,1970.6438181963636
2004-12-08 02:00:00,1739.0,2018.4314093958924
2004-12-08 03:00:00,1702.0,1809.475090911235
2004-12-08 04:00:00,1688.0,1833.8667496960582
2004-12-08 05:00:00,1725.0,1945.578997313896
2004-12-08 06:00:00,1872.0,1786.3756730929354
2004-12-08 07:00:00,2140.0,1739.6812591493203
2004-12-08 08:00:00,2313.0,1817.9640075087038
2004-12-08 09:00:00,2302.0,1949.4720654697517
2004-12-08 10:00:00,2290.0,1891.7005090827836
2004-12-08 11:00:00,2298.0,1905.4230484600419
2004-12-08 12:00:00,2256.0,2116.085340828634
2004-12-08 13:00:00,2227.0,2127.785198391375
2004-12-08 14:00:00,2181.0,2021.4288499599456
2004-12-08 15:00:00,2154.0,1908.42787550425
2004-12-08 16:00:00,2142.0,1773.54043791496
2004-12-08 17:00:00,2180.0,1908.953418524018
2004-12-08 18:00:00,2369.0,1879.7930279915458
2004-12-08 19:00:00,2453.0,1845.9261178629815
2004-12-08 20:00:00,2430.0,1932.7280298335245
2004-12-08 21:00:00,2398.0,2059.1097586090914
2004-12-08 22:00:00,2332.0,2123.1317268548555
2004-12-08 23:00:00,2162.0,2002.3178917657544
2004-12-09 00:00:00,1992.0,1866.7086267178124
2004-12-09 01:00:00,1859.0,2029.028654890475
2004-12-09 02:00:00,1792.0,1760.2304650572755
2004-12-09 03:00:00,1768.0,1730.6779396753823
2004-12-09 04:00:00,1759.0,1798.3982412403266
2004-12-09 05:00:00,1794.0,1928.2957152427543
2004-12-09 06:00:00,1943.0,1867.7683030044284
2004-12-09 07:00:00,2206.0,1916.41657859116
2004-12-09 08:00:00,2372.0,2135.5389356004966
2004-12-09 09:00:00,2345.0,2220.2968623320785
2004-12-09 10:00:00,2331.0,2055.864976887735
2004-12-09 11:00:00,2330.0,2081.1612001843537
2004-12-09 12:00:00,2312.0,1954.4802518546428
2004-12-09 13:00:00,2317.0,2091.7272390801218
2004-12-09 14:00:00,2314.0,2024.568400018404
2004-12-09 15:00:00,2297.0,2045.6981423781942
2004-12-09 16:00:00,2280.0,2103.442522267249
2004-12-09 17:00:00,2297.0,2124.8294901371705
2004-12-09 18:00:00,2431.0,2308.032280780882
2004-12-09 19:00:00,2480.0,2214.2261211552513
2004-12-09 20:00:00,2440.0,2097.7979956703844
2004-12-09 21:00:00,2391.0,2225.0093600344376
2004-12-09 22:00:00,2273.0,2064.045398891341
2004-12-09 23:00:00,2120.0,1690.2809927598746
2004-12-10 00:00:00,1921.0,1787.7634542497453
2004-12-10 01:00:00,1793.0,1795.257585620993
2004-12-10 02:00:00,1729.0,1884.3798773573233
2004-12-10 03:00:00,1674.0,1839.1582014252588
2004-12-10 04:00:00,1654.0,2075.5290473045025
2004-12-10 05:00:00,1707.0,2261.13010240529
2004-12-10 06:00:00,1842.0,2102.0094873542885
2004-12-10 07:00:00,2094.0,1967.3699486709634
2004-12-10 08:00:00,2278.0,2122.8631275717203
2004-12-10 09:00:00,2272.0,1995.8692583869545
2004-12-10 10:00:00,2277.0,1979.3810185249954
2004-12-10 11:00:00,2280.0,1964.4641091941562
2004-12-10 12:00:00,2255.0,2094.5070456544167
2004-12-10 13:00:00,2248.0,2106.282736806757
2004-12-10 14:00:00,2244.0,2246.6696578997125
2004-12-10 15:00:00,2219.0,2089.531891329895
2004-12-10 16:00:00,2193.0,2093.7197528458796
2004-12-10 17:00:00,2224.0,2161.370620550221
2004-12-10 18:00:00,2339.0,2090.0738149044346
2004-12-10 19:00:00,2352.0,1767.777051454069
2004-12-10 20:00:00,2297.0,1821.3421114772163
2004-12-10 21:00:00,2253.0,1798.8675236301528
2004-12-10 22:00:00,2195.0,1864.7613703015772
2004-12-10 23:00:00,2078.0,1804.1084359936685
2004-12-11 00:00:00,1895.0,1717.914919332268
2004-12-11 01:00:00,1743.0,1969.3225065413276
2004-12-11 02:00:00,1656.0,1828.2408966526568
2004-12-11 03:00:00,1627.0,1762.7012665205555
2004-12-11 04:00:00,1613.0,1738.1500147065785
2004-12-11 05:00:00,1640.0,1725.5746450071
2004-12-11 06:00:00,1704.0,1584.8173886989237
2004-12-11 07:00:00,1820.0,1477.578463429454
2004-12-11 08:00:00,1943.0,1520.5144404376488
2004-12-11 09:00:00,2042.0,1655.7410151386118
2004-12-11 10:00:00,2123.0,1629.6663709863324
2004-12-11 11:00:00,2196.0,1692.766338125838
2004-12-11 12:00:00,2149.0,1760.9008536958788
2004-12-11 13:00:00,2123.0,1963.740590561751
2004-12-11 14:00:00,2102.0,1880.7808895671292
2004-12-11 15:00:00,2075.0,1685.67191126385
2004-12-11 16:00:00,2051.0,1663.1149403456109
2004-12-11 17:00:00,2076.0,1723.2851176278011
2004-12-11 18:00:00,2216.0,1758.9816968094062
2004-12-11 19:00:00,2253.0,1621.0961775209082
2004-12-11 20:00:00,2201.0,1683.3939845620748
2004-12-11 21:00:00,2166.0,1946.4310877645491
2004-12-11 22:00:00,2104.0,1760.5262996187087
2004-12-11 23:00:00,2010.0,1644.069173978346
2004-12-12 00:00:00,1882.0,1722.1247078257716
2004-12-12 01:00:00,1750.0,1803.04867888457
2004-12-12 02:00:00,1668.0,1753.5459066085014
2004-12-12 03:00:00,1632.0,1568.6116381547251
2004-12-12 04:00:00,1617.0,1644.4520967596081
2004-12-12 05:00:00,1619.0,1616.9418244952758
2004-12-12 06:00:00,1646.0,1610.5578358254638
2004-12-12 07:00:00,1704.0,1696.8010105191956
2004-12-12 08:00:00,1811.0,1736.4388571858972
2004-12-12 09:00:00,1890.0,1853.7874022083408
2004-12-12 10:00:00,1958.0,1979.642757617378
2004-12-12 11:00:00,1985.0,1864.0182137745123
2004-12-12 12:00:00,1985.0,1870.8784205768382
2004-12-12 13:00:00,1989.0,1785.456957640923
2004-12-12 14:00:00,1959.0,1779.3669419480814
2004-12-12 15:00:00,1938.0,1710.7484090717217
2004-12-12 16:00:00,1958.0,1635.803210265061
2004-12-12 17:00:00,2027.0,1957.914245530577
2004-12-12 18:00:00,2168.0,1904.1430419511712
2004-12-12 19:00:00,2209.0,1870.0540559619508
2004-12-12 20:00:00,2216.0,1997.8378593429036
2004-12-12 21:00:00,2190.0,2089.1286594290664
2004-12-12 22:00:00,2136.0,1945.4201468709991
2004-12-12 23:00:00,2048.0,1749.4464509332258
2004-12-13 00:00:00,1935.0,1672.4534264825543
2004-12-13 01:00:00,1843.0,1877.0100946981804
2004-12-13 02:00:00,1797.0,1840.4763090071572
2004-12-13 03:00:00,1785.0,1859.9720388287747
2004-12-13 04:00:00,1796.0,1887.1901782536224
2004-12-13 05:00:00,1844.0,2062.063336225416
2004-12-13 06:00:00,1996.0,2128.338036790503
2004-12-13 07:00:00,2284.0,1993.3836992530182
2004-12-13 08:00:00,2473.0,2095.8990207462007
2004-12-13 09:00:00,2499.0,2132.870258031227
2004-12-13 10:00:00,2500.0,1997.3576965679572
2004-12-13 11:00:00,2505.0,2011.0379464922817
2004-12-13 12:00:00,2513.0,1952.8731903741077
2004-12-13 13:00:00,2497.0,2044.8764646346267
2004-12-13 14:00:00,2514.0,2038.0749223833486
2004-12-13 15:00:00,2496.0,2011.598321540147
2004-12-13 16:00:00,2488.0,2133.281730284206
2004-12-13 17:00:00,2563.0,2181.1578985081273
2004-12-13 18:00:00,2728.0,2309.7110170965825
2004-12-13 19:00:00,2785.0,2141.6109114212304
2004-12-13 20:00:00,2757.0,1992.6535358705153
2004-12-13 21:00:00,2716.0,2030.3807330081388
2004-12-13 22:00:00,2626.0,1977.3506795877188
2004-12-13 23:00:00,2451.0,1854.7929180986655
2004-12-14 00:00:00,2270.0,1866.344678991793
2004-12-14 01:00:00,2126.0,1924.9361480052874
2004-12-14 02:00:00,2061.0,2208.995384932315
2004-12-14 03:00:00,2010.0,2020.739409435317
2004-12-14 04:00:00,2005.0,2094.0583713838755
2004-12-14 05:00:00,2039.0,2252.006579999074
2004-12-14 06:00:00,2184.0,1956.631642091257
2004-12-14 07:00:00,2439.0,1822.6091709793468
2004-12-14 08:00:00,2609.0,1798.223129434381
2004-12-14 09:00:00,2574.0,1942.083985324515
2004-12-14 10:00:00,2569.0,2002.8861722554243
2004-12-14 11:00:00,2567.0,1892.0020358258355
2004-12-14 12:00:00,2547.0,2163.190572199986
2004-12-14 13:00:00,2538.0,2339.152408501008
2004-12-14 14:00:00,2516.0,2221.372431036733
2004-12-14 15:00:00,2509.0,2244.287374515214
2004-12-14 16:00:00,2474.0,2106.3650085368986
2004-12-14 17:00:00,2543.0,2079.15781597497
2004-12-14 18:00:00,2703.0,2095.1572333044073
2004-12-14 19:00:00,2784.0,1961.5018070072388
2004-12-14 20:00:00,2746.0,1958.0423413462647
2004-12-14 21:00:00,2715.0,2003.5955556151569
2004-12-14 22:00:00,2618.0,2034.3952270941788
2004-12-14 23:00:00,2468.0,1991.9077163914756
2004-12-15 00:00:00,2290.0,1921.5676500394654
2004-12-15 01:00:00,2157.0,2115.677995324097
2004-12-15 02:00:00,2078.0,2031.6302020598214
2004-12-15 03:00:00,2029.0,1910.3840592610702
2004-12-15 04:00:00,2026.0,1738.0244878484566
2004-12-15 05:00:00,2084.0,1815.7958887700045
2004-12-15 06:00:00,2226.0,1888.2971006595621
2004-12-15 07:00:00,2508.0,1761.78812501562
2004-12-15 08:00:00,2667.0,1845.9844479738797
2004-12-15 09:00:00,2669.0,2041.8741053235601
2004-12-15 10:00:00,2522.0,1988.1722285197072
2004-12-15 11:00:00,2639.0,2094.5240584079907
2004-12-15 12:00:00,2512.0,2007.7549930208122
2004-12-15 13:00:00,2469.0,2053.6516014846175
2004-12-15 14:00:00,2427.0,1959.056694246375
2004-12-15 15:00:00,2391.0,1642.896011299877
2004-12-15 16:00:00,2312.0,1811.5638308660878
2004-12-15 17:00:00,2381.0,1909.6662957354342
2004-12-15 18:00:00,2602.0,1992.8934993992207
2004-12-15 19:00:00,2718.0,1913.9018818899572
2004-12-15 20:00:00,2704.0,1867.3566050516824
2004-12-15 21:00:00,2684.0,2105.4901545313837
2004-12-15 22:00:00,2612.0,2115.3238827225628
2004-12-15 23:00:00,2453.0,1796.01054043159
2004-12-16 00:00:00,2256.0,1849.151868504146
2004-12-16 01:00:00,2208.0,1872.3797228411127
2004-12-16 02:00:00,2083.0,1937.7636690220947
2004-12-16 03:00:00,2047.0,1767.0093068690878
2004-12-16 04:00:00,2029.0,1773.8388172437817
2004-12-16 05:00:00,2081.0,2026.9302591664814
2004-12-16 06:00:00,2219.0,1884.1151419902694
2004-12-16 07:00:00,2467.0,2035.2059401449271
2004-12-16 08:00:00,2626.0,2049.6651054629547
2004-12-16 09:00:00,2591.0,2153.0489855204946
2004-12-16 10:00:00,2576.0,2253.424151077734
2004-12-16 11:00:00,2565.0,1860.7053873549958
2004-12-16 12:00:00,2498.0,1914.2862875644248
2004-12-16 13:00:00,2470.0,1981.308697442303
2004-12-16 14:00:00,2440.0,1984.9542790864964
2004-12-16 15:00:00,2388.0,2047.248781587419
2004-12-16 16:00:00,2371.0,2011.2838376559698
2004-12-16 17:00:00,2416.0,2273.140893875939
2004-12-16 18:00:00,2580.0,2341.2170053193586
2004-12-16 19:00:00,2648.0,2120.7646096153358
2004-12-16 20:00:00,2610.0,2085.306499928102
2004-12-16 21:00:00,2582.0,2038.517511496847
2004-12-16 22:00:00,2494.0,1901.66479657865
2004-12-16 23:00:00,2384.0,1768.8867630659329
2004-12-17 00:00:00,2160.0,1608.476720255241
2004-12-17 01:00:00,2028.0,1945.6000971902365
2004-12-17 02:00:00,1951.0,1976.0140942873697
2004-12-17 03:00:00,1920.0,1963.2760845826433
2004-12-17 04:00:00,1916.0,2049.442004156701
2004-12-17 05:00:00,1971.0,2082.1466248367624
2004-12-17 06:00:00,2119.0,2229.382274605408
2004-12-17 07:00:00,2393.0,1899.1478528260566
2004-12-17 08:00:00,2549.0,1927.5199907759131
2004-12-17 09:00:00,2537.0,2042.8720388645083
2004-12-17 10:00:00,2496.0,1875.7996968581629
2004-12-17 11:00:00,2459.0,2013.5510812516359
2004-12-17 12:00:00,2393.0,1959.3165994256142
2004-12-17 13:00:00,2350.0,1951.694490295139
2004-12-17 14:00:00,2322.0,2250.4704886100876
2004-12-17 15:00:00,2264.0,2091.6017450833815
2004-12-17 16:00:00,2233.0,2012.1850637006528
2004-12-17 17:00:00,2265.0,2083.456105021923
2004-12-17 18:00:00,2440.0,1980.1825273590384
2004-12-17 19:00:00,2516.0,1826.125955005639
2004-12-17 20:00:00,2467.0,1618.90335715839
2004-12-17 21:00:00,2432.0,1776.3961572045898
2004-12-17 22:00:00,2375.0,1927.8491927430314
2004-12-17 23:00:00,2264.0,1794.0222110345846
2004-12-18 00:00:00,2103.0,1836.5544906360333
2004-12-18 01:00:00,1964.0,1965.8158556034573
2004-12-18 02:00:00,1896.0,2039.4044202977125
2004-12-18 03:00:00,1859.0,1773.5409793910876
2004-12-18 04:00:00,1853.0,1631.5776256
2004-12-18 05:00:00,1867.0,1716.282731841357
2004-12-18 06:00:00,1939.0,1638.3693429507593
2004-12-18 07:00:00,2031.0,1617.029089504432
2004-12-18 08:00:00,2156.0,1605.9354192773833
2004-12-18 09:00:00,2229.0,1666.028245989998
2004-12-18 10:00:00,2293.0,1908.3647841579639
2004-12-18 11:00:00,2296.0,1778.7493774915188
2004-12-18 12:00:00,2248.0,1701.1561572225412
2004-12-18 13:00:00,2149.0,1889.7473488833639
2004-12-18 14:00:00,2093.0,1810.7622133261698
2004-12-18 15:00:00,2069.0,1804.3085806493898
2004-12-18 16:00:00,2056.0,1584.5696770086097
2004-12-18 17:00:00,2073.0,1708.8307621119354
2004-12-18 18:00:00,2220.0,1878.497657178971
2004-12-18 19:00:00,2235.0,1629.58265654244
2004-12-18 20:00:00,2204.0,1691.1034827607666
2004-12-18 21:00:00,2164.0,1876.0529086314652
2004-12-18 22:00:00,2125.0,1822.3850317562485
2004-12-18 23:00:00,2046.0,1779.2905109344815
2004-12-19 00:00:00,1910.0,1705.8150416585647
2004-12-19 01:00:00,1784.0,1828.3204908578543
2004-12-19 02:00:00,1711.0,1796.5358962835621
2004-12-19 03:00:00,1671.0,1561.7718955730788
2004-12-19 04:00:00,1672.0,1576.2067636890608
2004-12-19 05:00:00,1693.0,1505.489555402877
